-- =============================================
-- MusicExclusive Data Migration Script
-- Generated: 2026-03-14T15:53:25.814Z
-- Run AFTER full-schema.sql on your new instance
-- PREREQUISITE: Create auth.users with matching UUIDs first
-- =============================================

BEGIN;

-- vault_members (4 rows)
INSERT INTO public.vault_members (id, email, display_name, vault_access_active, joined_at, updated_at, credits, membership_type, superfan_active, superfan_since, invite_token_used, user_id) VALUES ('82450feb-be22-4611-aa1a-91802c48df6d', 'demo-fan@test.com', 'Demo Fan', true, '2026-01-28T06:51:42.789204+00:00', '2026-03-10T22:18:56.496964+00:00', 214, 'pay_as_you_go', false, NULL, NULL, 'db9c713b-df72-4dc2-b535-6ebfdc1cce45') ON CONFLICT (email) DO NOTHING;
INSERT INTO public.vault_members (id, email, display_name, vault_access_active, joined_at, updated_at, credits, membership_type, superfan_active, superfan_since, invite_token_used, user_id) VALUES ('5373ff63-82c6-4910-aa69-a1ef7ff5a0cc', 'support@musicexclusive.co', 'support@musicexclusive.co', true, '2026-02-01T06:54:55.01793+00:00', '2026-02-10T22:57:27.191538+00:00', 0, 'pay_as_you_go', false, NULL, NULL, NULL) ON CONFLICT (email) DO NOTHING;
INSERT INTO public.vault_members (id, email, display_name, vault_access_active, joined_at, updated_at, credits, membership_type, superfan_active, superfan_since, invite_token_used, user_id) VALUES ('213b2465-dfbe-436e-a18b-0f103a529848', 'joylewismusic+testdemo1@gmail.com', 'joylewismusic+testdemo1', false, '2026-02-26T17:19:43.025849+00:00', '2026-02-26T17:19:43.049285+00:00', 0, 'pay_as_you_go', false, NULL, NULL, 'ba5df0b2-8bb9-41f2-b1ad-4e2c97868448') ON CONFLICT (email) DO NOTHING;
INSERT INTO public.vault_members (id, email, display_name, vault_access_active, joined_at, updated_at, credits, membership_type, superfan_active, superfan_since, invite_token_used, user_id) VALUES ('414aee74-437e-4139-8dd1-7638db96a7c4', 'test-artist+validation@example.com', 'test-artist+validation', false, '2026-03-06T00:33:47.440708+00:00', '2026-03-06T00:33:47.68361+00:00', 0, 'pay_as_you_go', false, NULL, NULL, 'b429eeb1-88c3-48df-a023-f345fee49912') ON CONFLICT (email) DO NOTHING;

-- profiles (4 rows)
INSERT INTO public.profiles (id, user_id, display_name, avatar_url, created_at, updated_at) VALUES ('95dd5696-a9bf-4e41-88ce-07625f85d14e', '558ee15a-a018-4bdb-9ab0-d071444d168f', 'support@musicexclusive.co', NULL, '2026-02-05T21:26:52.403282+00:00', '2026-02-05T21:26:52.403282+00:00') ON CONFLICT DO NOTHING;
INSERT INTO public.profiles (id, user_id, display_name, avatar_url, created_at, updated_at) VALUES ('aa1212e9-18a4-4623-8dc8-bfc3f54c1ea8', 'db9c713b-df72-4dc2-b535-6ebfdc1cce45', 'demo-fan@test.com', NULL, '2026-02-23T07:29:12.278196+00:00', '2026-02-23T07:29:12.278196+00:00') ON CONFLICT DO NOTHING;
INSERT INTO public.profiles (id, user_id, display_name, avatar_url, created_at, updated_at) VALUES ('c04983a8-9c2c-4c19-a736-704cbb61c989', 'ba5df0b2-8bb9-41f2-b1ad-4e2c97868448', 'joylewismusic+testdemo1', NULL, '2026-02-26T17:19:21.827591+00:00', '2026-02-26T17:19:21.827591+00:00') ON CONFLICT DO NOTHING;
INSERT INTO public.profiles (id, user_id, display_name, avatar_url, created_at, updated_at) VALUES ('f5b8c2c8-e299-4957-a46a-d5cf728dfa92', 'b429eeb1-88c3-48df-a023-f345fee49912', 'test-artist+validation@example.com', NULL, '2026-02-27T16:38:12.809235+00:00', '2026-02-27T16:38:12.809235+00:00') ON CONFLICT DO NOTHING;

-- user_roles (6 rows)
INSERT INTO public.user_roles (id, user_id, role, created_at) VALUES ('84c11b62-404b-4558-b1ac-738be283e759', '558ee15a-a018-4bdb-9ab0-d071444d168f', 'admin', '2026-02-05T21:26:52.403282+00:00') ON CONFLICT (user_id, role) DO NOTHING;
INSERT INTO public.user_roles (id, user_id, role, created_at) VALUES ('430edb0c-7365-4067-a08d-f70637d854c5', 'db9c713b-df72-4dc2-b535-6ebfdc1cce45', 'fan', '2026-02-23T07:29:12.278196+00:00') ON CONFLICT (user_id, role) DO NOTHING;
INSERT INTO public.user_roles (id, user_id, role, created_at) VALUES ('705b3bff-1da9-4959-ba19-b63f9c3a3473', 'ba5df0b2-8bb9-41f2-b1ad-4e2c97868448', 'fan', '2026-02-26T17:19:21.827591+00:00') ON CONFLICT (user_id, role) DO NOTHING;
INSERT INTO public.user_roles (id, user_id, role, created_at) VALUES ('ed33b8da-973b-4a8f-bd9d-ea231c980805', 'ba5df0b2-8bb9-41f2-b1ad-4e2c97868448', 'artist', '2026-02-26T17:19:24.060389+00:00') ON CONFLICT (user_id, role) DO NOTHING;
INSERT INTO public.user_roles (id, user_id, role, created_at) VALUES ('dc392649-13f7-4a5d-9b59-1aeaa064fb33', 'b429eeb1-88c3-48df-a023-f345fee49912', 'fan', '2026-02-27T16:38:12.809235+00:00') ON CONFLICT (user_id, role) DO NOTHING;
INSERT INTO public.user_roles (id, user_id, role, created_at) VALUES ('94c98fc7-ce00-4d8c-96bb-a811a82e54f6', 'b429eeb1-88c3-48df-a023-f345fee49912', 'artist', '2026-02-27T16:38:12.894407+00:00') ON CONFLICT (user_id, role) DO NOTHING;

-- artist_profiles (2 rows)
INSERT INTO public.artist_profiles (id, user_id, artist_name, bio, genre, avatar_url, instagram_url, tiktok_url, youtube_url, twitter_url, created_at, updated_at, stripe_account_id, payout_status, tutorial_completed, country_code) VALUES ('435b37fd-9d4d-43db-aba3-ae55427c1e41', 'ba5df0b2-8bb9-41f2-b1ad-4e2c97868448', '🌟 Joy Lewis - Demo Artist', 'Music Exclusive will feature top music releases from your favorite artists before it releases to any other music platform. You listen to it here first!', 'R&B', 'https://yjytuglxpvdkyvjsdyfk.supabase.co/storage/v1/object/public/avatars/ba5df0b2-8bb9-41f2-b1ad-4e2c97868448/profile.jpg?v=1772220077765', NULL, NULL, NULL, NULL, '2026-02-26T17:19:24.327978+00:00', '2026-03-12T02:51:21.242129+00:00', 'acct_1T5WXLGRbRufX9Z8', 'connected', false, 'US') ON CONFLICT DO NOTHING;
INSERT INTO public.artist_profiles (id, user_id, artist_name, bio, genre, avatar_url, instagram_url, tiktok_url, youtube_url, twitter_url, created_at, updated_at, stripe_account_id, payout_status, tutorial_completed, country_code) VALUES ('b5ce51ad-acf4-4e2d-a378-083fb2c32be2', 'b429eeb1-88c3-48df-a023-f345fee49912', 'Validation Artist', 'Test artist created for development purposes.', 'Test', NULL, NULL, NULL, NULL, NULL, '2026-02-27T16:38:13.024778+00:00', '2026-02-27T16:38:13.024778+00:00', NULL, 'not_connected', false, NULL) ON CONFLICT DO NOTHING;

-- artist_applications (4 rows)
INSERT INTO public.artist_applications (id, created_at, updated_at, artist_name, contact_email, country_city, spotify_url, apple_music_url, years_releasing, genres, primary_social_platform, social_profile_url, follower_count, song_sample_url, hook_preview_url, owns_rights, not_released_publicly, agrees_terms, status, auth_user_id, approved_at, approved_by, approved_application_id) VALUES ('2fff4a5d-8671-4f9e-bf20-ff3166b3302e', '2026-02-02T19:54:50.749524+00:00', '2026-02-02T19:58:39.297686+00:00', 'LaShawn Lewis (Test)', 'support@musicexclusive.co', 'Atlanta, GA', NULL, NULL, '3-5 years', 'R&B, Soul', 'Instagram', 'https://instagram.com/lashawnlewismusic', 25000, 'https://soundcloud.com/lashawnlewis/test-track', NULL, true, true, true, 'approved_pending_setup', NULL, NULL, NULL, NULL) ON CONFLICT DO NOTHING;
INSERT INTO public.artist_applications (id, created_at, updated_at, artist_name, contact_email, country_city, spotify_url, apple_music_url, years_releasing, genres, primary_social_platform, social_profile_url, follower_count, song_sample_url, hook_preview_url, owns_rights, not_released_publicly, agrees_terms, status, auth_user_id, approved_at, approved_by, approved_application_id) VALUES ('52cc30eb-49c6-4b97-bfb7-8008bd553c7d', '2026-02-26T17:16:34.016219+00:00', '2026-03-12T04:38:02.312164+00:00', 'JL - Demo 1', 'joylewismusic+testdemo1@gmail.com', 'Los Angeles', 'www.spotify.com/joylewismusic', NULL, '1-2 years', 'R&B', 'instagram', 'not_provided', 10000, 'not_required', NULL, true, true, true, 'active', 'ba5df0b2-8bb9-41f2-b1ad-4e2c97868448', NULL, NULL, NULL) ON CONFLICT DO NOTHING;
INSERT INTO public.artist_applications (id, created_at, updated_at, artist_name, contact_email, country_city, spotify_url, apple_music_url, years_releasing, genres, primary_social_platform, social_profile_url, follower_count, song_sample_url, hook_preview_url, owns_rights, not_released_publicly, agrees_terms, status, auth_user_id, approved_at, approved_by, approved_application_id) VALUES ('af980326-c711-4827-a08f-95f9a939510a', '2026-02-27T16:38:13.091526+00:00', '2026-03-10T03:23:39.957405+00:00', 'Validation Artist', 'test-artist+validation@example.com', NULL, NULL, NULL, '1-3', 'Test', 'instagram', 'https://instagram.com/test', 1000, 'https://example.com/test.mp3', NULL, true, true, true, 'active', 'b429eeb1-88c3-48df-a023-f345fee49912', NULL, NULL, NULL) ON CONFLICT DO NOTHING;
INSERT INTO public.artist_applications (id, created_at, updated_at, artist_name, contact_email, country_city, spotify_url, apple_music_url, years_releasing, genres, primary_social_platform, social_profile_url, follower_count, song_sample_url, hook_preview_url, owns_rights, not_released_publicly, agrees_terms, status, auth_user_id, approved_at, approved_by, approved_application_id) VALUES ('a54432a9-0199-4f27-b677-0b5cd1646f8b', '2026-03-01T22:57:27.071341+00:00', '2026-03-01T22:57:27.071341+00:00', 'Test Artist', 'test@example.com', NULL, NULL, NULL, '1-2 years', 'Test Genre', 'instagram', 'not_provided', 1000, 'not_required', NULL, true, true, true, 'pending', NULL, NULL, NULL, NULL) ON CONFLICT DO NOTHING;

-- artist_waitlist (13 rows)
INSERT INTO public.artist_waitlist (id, artist_name, email, instagram, other_social, genre, monthly_listeners, location, music_link, status, created_at, approved_at, approved_by) VALUES ('0b055025-b021-48b5-9e17-2b44a25487bb', 'Test', 'joylewismusic@gmail.com', NULL, NULL, 'R&B', '6000', 'California ', 'Www.youtube.com/joylewismusic', 'pending', '2026-03-01T23:51:27.279395+00:00', NULL, NULL) ON CONFLICT DO NOTHING;
INSERT INTO public.artist_waitlist (id, artist_name, email, instagram, other_social, genre, monthly_listeners, location, music_link, status, created_at, approved_at, approved_by) VALUES ('128ea1d6-599a-4ec0-9edd-143c55aa6327', 'Kristoli ', 'kristolisikpa@gmail.com', 'https://www.instagram.com/kristoli11?igsh=OXFzcGhsbDE4cmFu&utm_source=qr', 'https://www.tiktok.com/@kristoli11?_r=1&_t=ZS-94LK4kKbuvC', 'Hip hop', '1000', 'Accra, Ghana', 'Spotify / YouTube / Apple Music', 'pending', '2026-03-02T03:43:15.780229+00:00', NULL, NULL) ON CONFLICT DO NOTHING;
INSERT INTO public.artist_waitlist (id, artist_name, email, instagram, other_social, genre, monthly_listeners, location, music_link, status, created_at, approved_at, approved_by) VALUES ('306f8f6e-574a-40fe-8882-bad214273e17', 'Kwambe', 'kwambe8@gmail.com', '@_kwambe8', '@_kwambe', 'Afrobeats', '1700', 'New Zealand', 'https://youtu.be/P67RNQuTcgk?si=q3k6llPKdhri85CC', 'pending', '2026-03-02T03:59:18.399925+00:00', NULL, NULL) ON CONFLICT DO NOTHING;
INSERT INTO public.artist_waitlist (id, artist_name, email, instagram, other_social, genre, monthly_listeners, location, music_link, status, created_at, approved_at, approved_by) VALUES ('592d381b-4140-4935-b983-6ef31ef28610', 'DJ Landan Time/Aflex Dees', 'dj@djlandantime.co.uk', 'https://www.instagram.com/djltime/', 'https://djlandantime.co.uk/', 'Dance/Hip Hop/R&B/POP', 'not sure as have been focusing on radio play ', 'UK', 'https://ffm.to/eoldq9a', 'pending', '2026-03-02T08:13:14.2303+00:00', NULL, NULL) ON CONFLICT DO NOTHING;
INSERT INTO public.artist_waitlist (id, artist_name, email, instagram, other_social, genre, monthly_listeners, location, music_link, status, created_at, approved_at, approved_by) VALUES ('a07a6ca6-e950-45a0-a7bb-fd23b04ef16b', 'Kyn', 'kynmusic7@gmail.com', '@_callmekyn_', 'https://www.tiktok.com/@_callmekyn_?_r=1&_t=ZT-94LwTgbmURx', 'R&B', '600', 'Georgia, USA', 'Apple Music Spotify YouTube', 'pending', '2026-03-02T12:28:38.398469+00:00', NULL, NULL) ON CONFLICT DO NOTHING;
INSERT INTO public.artist_waitlist (id, artist_name, email, instagram, other_social, genre, monthly_listeners, location, music_link, status, created_at, approved_at, approved_by) VALUES ('87084a87-1094-4e13-aaf1-124642e3d773', 'ConSysTnt (ConSysTnt Creations) ', 'cras.bbarbee@gmail.com', '@consystnt', 'TikTok, Twitter, Facebook, Linkedin', 'Cinematic Hip-hop, R&B, Experimental', '<1000', 'South Carolina', 'All major DSP platforms. New release 03/20/2026', 'pending', '2026-03-02T15:06:38.650623+00:00', NULL, NULL) ON CONFLICT DO NOTHING;
INSERT INTO public.artist_waitlist (id, artist_name, email, instagram, other_social, genre, monthly_listeners, location, music_link, status, created_at, approved_at, approved_by) VALUES ('cbb44bcd-74e2-4677-a51a-e2c79cd33791', 'M.P.K. - Muzt Put''in Knowledge ', 'mpking568@gmail.com', 'mrmartellsincere ', 'www.teammartellclout.com', 'Hip-hop ', '0', 'Toledo Ohio ', 'www.bandlab.com/martellthacool', 'pending', '2026-03-02T15:29:40.946263+00:00', NULL, NULL) ON CONFLICT DO NOTHING;
INSERT INTO public.artist_waitlist (id, artist_name, email, instagram, other_social, genre, monthly_listeners, location, music_link, status, created_at, approved_at, approved_by) VALUES ('ee1ac7c1-0f3d-40ad-8816-1c9d47450b65', 'SIROH', 'iamsiroh@outlook.es', 'iamsiroh', 'Instagram', 'House, garage, downtempo', '7000', 'Barcelona', 'Spotify, Apple Music, Soundcloud, youtube', 'pending', '2026-03-02T16:34:43.884737+00:00', NULL, NULL) ON CONFLICT DO NOTHING;
INSERT INTO public.artist_waitlist (id, artist_name, email, instagram, other_social, genre, monthly_listeners, location, music_link, status, created_at, approved_at, approved_by) VALUES ('16cc0f17-48f5-4c4c-8d9d-1479031e4da2', 'Sy Sylvers ', 'sysylvers@gmail.com', '@sysylvers', NULL, 'R&B PoP', '3000', 'California ', 'https://tr.ee/3SYRlhaKzz', 'pending', '2026-03-04T04:52:50.462248+00:00', NULL, NULL) ON CONFLICT DO NOTHING;
INSERT INTO public.artist_waitlist (id, artist_name, email, instagram, other_social, genre, monthly_listeners, location, music_link, status, created_at, approved_at, approved_by) VALUES ('99d36a15-0bbe-4e23-b8c9-19f190ab0142', 'Daymilla', 'jerdavis54@gmail.com', 'Trapth3world ', 'YouTube Daymilla', 'Hip hop', '100', 'Alabama usa', 'Apple, spotify', 'pending', '2026-03-05T03:42:12.865387+00:00', NULL, NULL) ON CONFLICT DO NOTHING;
INSERT INTO public.artist_waitlist (id, artist_name, email, instagram, other_social, genre, monthly_listeners, location, music_link, status, created_at, approved_at, approved_by) VALUES ('e9c8a61a-ca7c-4792-92f7-89e8b7807ff3', 'Willie Dowling', 'williedowling41@gmail.com', '@williedowling', '@williedowling TikTok https://youtube.com/channel/UCucEJPJy_5Z_DLNnQm4TMgg?si=NIZbIrz0vrDX83YX', 'Piano rock', 'Not many!', 'UK', 'https://open.spotify.com/album/5yOGU31vFXyjGfBVnjUOJ2?si=wYos52InRl23xTp6efm8lA', 'pending', '2026-03-05T07:15:08.04506+00:00', NULL, NULL) ON CONFLICT DO NOTHING;
INSERT INTO public.artist_waitlist (id, artist_name, email, instagram, other_social, genre, monthly_listeners, location, music_link, status, created_at, approved_at, approved_by) VALUES ('53c05a94-55ff-4bfe-be29-949835f35f5c', 'Jamm Lewis', 'watzincorp@gmail.com', '@jammlewis', 'On Al social media platforms as @jammlewis', 'All genres ', '500', 'Georgia/ USA', 'Any and everywhere digital music is streamed and sold', 'pending', '2026-03-05T14:31:01.896174+00:00', NULL, NULL) ON CONFLICT DO NOTHING;
INSERT INTO public.artist_waitlist (id, artist_name, email, instagram, other_social, genre, monthly_listeners, location, music_link, status, created_at, approved_at, approved_by) VALUES ('e46e02cc-2cbd-4c6d-b814-9b326d620c3e', 'Most Epic Dream', 'mostepicdream@proton.me', '@MostEpicDream', NULL, 'Indie/Electronica', '250', 'South Australia, Australia ', 'https://open.spotify.com/artist/1VAUA0mKlUlO1JW1Wu1rQE?si=jPVFuBGdR_avMowZDcvVpQ', 'pending', '2026-03-05T21:47:20.241173+00:00', NULL, NULL) ON CONFLICT DO NOTHING;

-- fan_waitlist (1 rows)
INSERT INTO public.fan_waitlist (id, first_name, email, favorite_genre, favorite_artist, status, created_at) VALUES ('18669dfd-7e42-40c6-9f51-890620d5b001', 'Dalonna', 'dalonna.rogers@gmail.com', NULL, NULL, 'lifetime_reserved', '2026-03-10T17:44:05.52406+00:00') ON CONFLICT DO NOTHING;

-- tracks (13 rows)
INSERT INTO public.tracks (id, artist_id, title, album, duration, full_audio_url, preview_audio_url, artwork_url, created_at, updated_at, genre, preview_start_seconds, status, exclusivity_expires_at, exclusivity_decision, like_count, full_audio_key, artwork_key, preview_audio_key, is_preview_public, processing_error) VALUES ('ab624ab5-6da4-4656-bffb-000198e68b1f', '435b37fd-9d4d-43db-aba3-ae55427c1e41', 'For Life', NULL, 163, NULL, NULL, NULL, '2026-02-26T17:27:13.449709+00:00', '2026-02-27T03:27:28.502793+00:00', 'R&B', 0, 'disabled', '2026-03-19T17:27:13.449709+00:00', NULL, 0, 'artists/435b37fd-9d4d-43db-aba3-ae55427c1e41/audio/ab624ab5-6da4-4656-bffb-000198e68b1f.wav', 'artists/435b37fd-9d4d-43db-aba3-ae55427c1e41/covers/ab624ab5-6da4-4656-bffb-000198e68b1f.jpg', NULL, false, NULL) ON CONFLICT DO NOTHING;
INSERT INTO public.tracks (id, artist_id, title, album, duration, full_audio_url, preview_audio_url, artwork_url, created_at, updated_at, genre, preview_start_seconds, status, exclusivity_expires_at, exclusivity_decision, like_count, full_audio_key, artwork_key, preview_audio_key, is_preview_public, processing_error) VALUES ('e0e9434e-ea03-455f-9625-f7d475500de4', '435b37fd-9d4d-43db-aba3-ae55427c1e41', 'It''s Still You', NULL, 176, NULL, NULL, NULL, '2026-02-27T03:29:39.771568+00:00', '2026-02-27T03:30:34.113616+00:00', 'R&B', 0, 'disabled', '2026-03-20T03:29:39.771568+00:00', NULL, 0, 'artists/435b37fd-9d4d-43db-aba3-ae55427c1e41/audio/e0e9434e-ea03-455f-9625-f7d475500de4.mp3', 'artists/435b37fd-9d4d-43db-aba3-ae55427c1e41/covers/e0e9434e-ea03-455f-9625-f7d475500de4.jpg', NULL, false, NULL) ON CONFLICT DO NOTHING;
INSERT INTO public.tracks (id, artist_id, title, album, duration, full_audio_url, preview_audio_url, artwork_url, created_at, updated_at, genre, preview_start_seconds, status, exclusivity_expires_at, exclusivity_decision, like_count, full_audio_key, artwork_key, preview_audio_key, is_preview_public, processing_error) VALUES ('b762873b-e3a2-4e11-81da-ec205bed68a2', '435b37fd-9d4d-43db-aba3-ae55427c1e41', 'It''s Still You', NULL, 176, NULL, NULL, NULL, '2026-02-27T03:39:39.251942+00:00', '2026-02-27T19:04:03.313005+00:00', 'R&B', 0, 'disabled', '2026-03-20T03:39:39.251942+00:00', NULL, 0, 'artists/435b37fd-9d4d-43db-aba3-ae55427c1e41/audio/b762873b-e3a2-4e11-81da-ec205bed68a2.mp3', 'artists/435b37fd-9d4d-43db-aba3-ae55427c1e41/covers/b762873b-e3a2-4e11-81da-ec205bed68a2.jpg', NULL, false, NULL) ON CONFLICT DO NOTHING;
INSERT INTO public.tracks (id, artist_id, title, album, duration, full_audio_url, preview_audio_url, artwork_url, created_at, updated_at, genre, preview_start_seconds, status, exclusivity_expires_at, exclusivity_decision, like_count, full_audio_key, artwork_key, preview_audio_key, is_preview_public, processing_error) VALUES ('2887e61c-ec09-4b9f-b01b-b10f5461419b', 'b5ce51ad-acf4-4e2d-a378-083fb2c32be2', 'It''s still you', NULL, 176, NULL, NULL, NULL, '2026-02-27T18:00:14.75459+00:00', '2026-03-02T01:04:24.57102+00:00', 'R&B', 0, 'disabled', '2026-03-20T18:00:14.75459+00:00', NULL, 1, 'artists/b5ce51ad-acf4-4e2d-a378-083fb2c32be2/audio/2887e61c-ec09-4b9f-b01b-b10f5461419b.mp3', 'artists/b5ce51ad-acf4-4e2d-a378-083fb2c32be2/covers/2887e61c-ec09-4b9f-b01b-b10f5461419b.jpg', NULL, false, NULL) ON CONFLICT DO NOTHING;
INSERT INTO public.tracks (id, artist_id, title, album, duration, full_audio_url, preview_audio_url, artwork_url, created_at, updated_at, genre, preview_start_seconds, status, exclusivity_expires_at, exclusivity_decision, like_count, full_audio_key, artwork_key, preview_audio_key, is_preview_public, processing_error) VALUES ('702807e0-278f-466c-8f04-423c84a1112e', '435b37fd-9d4d-43db-aba3-ae55427c1e41', 'Better', NULL, 128, NULL, NULL, NULL, '2026-02-27T19:10:40.646922+00:00', '2026-03-01T01:24:31.30135+00:00', 'R&B', 0, 'disabled', '2026-03-20T19:10:40.646922+00:00', NULL, 1, 'artists/435b37fd-9d4d-43db-aba3-ae55427c1e41/audio/702807e0-278f-466c-8f04-423c84a1112e.mp3', 'artists/435b37fd-9d4d-43db-aba3-ae55427c1e41/covers/702807e0-278f-466c-8f04-423c84a1112e.jpg', NULL, true, NULL) ON CONFLICT DO NOTHING;
INSERT INTO public.tracks (id, artist_id, title, album, duration, full_audio_url, preview_audio_url, artwork_url, created_at, updated_at, genre, preview_start_seconds, status, exclusivity_expires_at, exclusivity_decision, like_count, full_audio_key, artwork_key, preview_audio_key, is_preview_public, processing_error) VALUES ('f3884d01-d9d5-4839-9f02-b97cca555328', '435b37fd-9d4d-43db-aba3-ae55427c1e41', 'Better', NULL, 128, NULL, NULL, NULL, '2026-03-01T01:27:11.75298+00:00', '2026-03-02T00:29:12.795026+00:00', 'R&B', 0, 'disabled', '2026-03-22T01:27:11.75298+00:00', NULL, 0, 'artists/435b37fd-9d4d-43db-aba3-ae55427c1e41/audio/f3884d01-d9d5-4839-9f02-b97cca555328.mp3', 'artists/435b37fd-9d4d-43db-aba3-ae55427c1e41/covers/f3884d01-d9d5-4839-9f02-b97cca555328.jpg', NULL, true, NULL) ON CONFLICT DO NOTHING;
INSERT INTO public.tracks (id, artist_id, title, album, duration, full_audio_url, preview_audio_url, artwork_url, created_at, updated_at, genre, preview_start_seconds, status, exclusivity_expires_at, exclusivity_decision, like_count, full_audio_key, artwork_key, preview_audio_key, is_preview_public, processing_error) VALUES ('e27d377f-4051-44f6-a721-6972375469be', '435b37fd-9d4d-43db-aba3-ae55427c1e41', 'Get Away', NULL, 166, NULL, NULL, NULL, '2026-03-01T01:30:41.896677+00:00', '2026-03-02T00:23:12.105111+00:00', 'R&B', 0, 'disabled', '2026-03-22T01:30:41.896677+00:00', NULL, 0, 'artists/435b37fd-9d4d-43db-aba3-ae55427c1e41/audio/e27d377f-4051-44f6-a721-6972375469be.mp3', 'artists/435b37fd-9d4d-43db-aba3-ae55427c1e41/covers/e27d377f-4051-44f6-a721-6972375469be.jpg', NULL, true, NULL) ON CONFLICT DO NOTHING;
INSERT INTO public.tracks (id, artist_id, title, album, duration, full_audio_url, preview_audio_url, artwork_url, created_at, updated_at, genre, preview_start_seconds, status, exclusivity_expires_at, exclusivity_decision, like_count, full_audio_key, artwork_key, preview_audio_key, is_preview_public, processing_error) VALUES ('3b1f7f6b-9afb-4258-a5f0-ef76747fbc90', '435b37fd-9d4d-43db-aba3-ae55427c1e41', 'Turn me up now', NULL, 153, NULL, NULL, NULL, '2026-03-01T01:45:35.371515+00:00', '2026-03-01T01:45:44.839813+00:00', 'R&B', 0, 'ready', '2026-03-22T01:45:35.371515+00:00', NULL, 0, 'artists/435b37fd-9d4d-43db-aba3-ae55427c1e41/audio/3b1f7f6b-9afb-4258-a5f0-ef76747fbc90.mp3', 'artists/435b37fd-9d4d-43db-aba3-ae55427c1e41/covers/3b1f7f6b-9afb-4258-a5f0-ef76747fbc90.jpg', 'artists/435b37fd-9d4d-43db-aba3-ae55427c1e41/3b1f7f6b-9afb-4258-a5f0-ef76747fbc90_preview.wav', true, NULL) ON CONFLICT DO NOTHING;
INSERT INTO public.tracks (id, artist_id, title, album, duration, full_audio_url, preview_audio_url, artwork_url, created_at, updated_at, genre, preview_start_seconds, status, exclusivity_expires_at, exclusivity_decision, like_count, full_audio_key, artwork_key, preview_audio_key, is_preview_public, processing_error) VALUES ('87d803b9-f1a1-4984-aa07-89cb1fe0a0a1', '435b37fd-9d4d-43db-aba3-ae55427c1e41', 'It''s Still You', NULL, 176, NULL, NULL, NULL, '2026-03-02T00:24:45.697831+00:00', '2026-03-02T00:24:55.470452+00:00', 'R&B', 0, 'ready', '2026-03-23T00:24:45.697831+00:00', NULL, 0, 'artists/435b37fd-9d4d-43db-aba3-ae55427c1e41/audio/87d803b9-f1a1-4984-aa07-89cb1fe0a0a1.mp3', 'artists/435b37fd-9d4d-43db-aba3-ae55427c1e41/covers/87d803b9-f1a1-4984-aa07-89cb1fe0a0a1.jpg', 'artists/435b37fd-9d4d-43db-aba3-ae55427c1e41/87d803b9-f1a1-4984-aa07-89cb1fe0a0a1_preview.wav', true, NULL) ON CONFLICT DO NOTHING;
INSERT INTO public.tracks (id, artist_id, title, album, duration, full_audio_url, preview_audio_url, artwork_url, created_at, updated_at, genre, preview_start_seconds, status, exclusivity_expires_at, exclusivity_decision, like_count, full_audio_key, artwork_key, preview_audio_key, is_preview_public, processing_error) VALUES ('0ab1e12f-a27b-4bd1-8a65-d9c5a163d521', '435b37fd-9d4d-43db-aba3-ae55427c1e41', 'It''s You', NULL, 215, NULL, NULL, NULL, '2026-03-02T00:31:23.507092+00:00', '2026-03-02T00:31:41.6772+00:00', 'R&B', 0, 'ready', '2026-03-23T00:31:23.507092+00:00', NULL, 0, 'artists/435b37fd-9d4d-43db-aba3-ae55427c1e41/audio/0ab1e12f-a27b-4bd1-8a65-d9c5a163d521.wav', 'artists/435b37fd-9d4d-43db-aba3-ae55427c1e41/covers/0ab1e12f-a27b-4bd1-8a65-d9c5a163d521.jpg', 'artists/435b37fd-9d4d-43db-aba3-ae55427c1e41/0ab1e12f-a27b-4bd1-8a65-d9c5a163d521_preview.wav', true, NULL) ON CONFLICT DO NOTHING;
INSERT INTO public.tracks (id, artist_id, title, album, duration, full_audio_url, preview_audio_url, artwork_url, created_at, updated_at, genre, preview_start_seconds, status, exclusivity_expires_at, exclusivity_decision, like_count, full_audio_key, artwork_key, preview_audio_key, is_preview_public, processing_error) VALUES ('c4b41072-86d6-4093-8c45-496724294c63', '435b37fd-9d4d-43db-aba3-ae55427c1e41', 'Say Less', NULL, 201, NULL, NULL, NULL, '2026-03-02T00:35:29.92982+00:00', '2026-03-02T00:35:46.531568+00:00', 'R&B', 0, 'ready', '2026-03-23T00:35:29.92982+00:00', NULL, 0, 'artists/435b37fd-9d4d-43db-aba3-ae55427c1e41/audio/c4b41072-86d6-4093-8c45-496724294c63.wav', 'artists/435b37fd-9d4d-43db-aba3-ae55427c1e41/covers/c4b41072-86d6-4093-8c45-496724294c63.jpg', 'artists/435b37fd-9d4d-43db-aba3-ae55427c1e41/c4b41072-86d6-4093-8c45-496724294c63_preview.wav', true, NULL) ON CONFLICT DO NOTHING;
INSERT INTO public.tracks (id, artist_id, title, album, duration, full_audio_url, preview_audio_url, artwork_url, created_at, updated_at, genre, preview_start_seconds, status, exclusivity_expires_at, exclusivity_decision, like_count, full_audio_key, artwork_key, preview_audio_key, is_preview_public, processing_error) VALUES ('96eebac0-c60b-417e-9ea1-3b284e6757b2', '435b37fd-9d4d-43db-aba3-ae55427c1e41', 'For Life', NULL, 163, NULL, NULL, NULL, '2026-03-02T00:37:40.958486+00:00', '2026-03-02T00:37:58.534074+00:00', 'R&B', 0, 'ready', '2026-03-23T00:37:40.958486+00:00', NULL, 0, 'artists/435b37fd-9d4d-43db-aba3-ae55427c1e41/audio/96eebac0-c60b-417e-9ea1-3b284e6757b2.wav', 'artists/435b37fd-9d4d-43db-aba3-ae55427c1e41/covers/96eebac0-c60b-417e-9ea1-3b284e6757b2.jpg', 'artists/435b37fd-9d4d-43db-aba3-ae55427c1e41/96eebac0-c60b-417e-9ea1-3b284e6757b2_preview.wav', true, NULL) ON CONFLICT DO NOTHING;
INSERT INTO public.tracks (id, artist_id, title, album, duration, full_audio_url, preview_audio_url, artwork_url, created_at, updated_at, genre, preview_start_seconds, status, exclusivity_expires_at, exclusivity_decision, like_count, full_audio_key, artwork_key, preview_audio_key, is_preview_public, processing_error) VALUES ('ea1bfbd0-beb3-48a5-940e-a0fbb2f3a142', 'b5ce51ad-acf4-4e2d-a378-083fb2c32be2', 'Still You', NULL, 176, NULL, NULL, NULL, '2026-03-06T00:09:04.351309+00:00', '2026-03-06T00:09:18.357894+00:00', 'R&B', 0, 'ready', '2026-03-27T00:09:04.351309+00:00', NULL, 0, 'artists/b5ce51ad-acf4-4e2d-a378-083fb2c32be2/audio/ea1bfbd0-beb3-48a5-940e-a0fbb2f3a142.mp3', 'artists/b5ce51ad-acf4-4e2d-a378-083fb2c32be2/covers/ea1bfbd0-beb3-48a5-940e-a0fbb2f3a142.jpg', 'artists/b5ce51ad-acf4-4e2d-a378-083fb2c32be2/ea1bfbd0-beb3-48a5-940e-a0fbb2f3a142_preview.wav', true, NULL) ON CONFLICT DO NOTHING;

-- track_likes (2 rows)
INSERT INTO public.track_likes (id, track_id, fan_id, created_at) VALUES ('56092cb2-037b-472f-b900-a6a8d0122735', '702807e0-278f-466c-8f04-423c84a1112e', '82450feb-be22-4611-aa1a-91802c48df6d', '2026-02-27T19:36:10.333835+00:00') ON CONFLICT DO NOTHING;
INSERT INTO public.track_likes (id, track_id, fan_id, created_at) VALUES ('d36cff08-3942-408a-9a63-0e8537de8c93', '2887e61c-ec09-4b9f-b01b-b10f5461419b', '82450feb-be22-4611-aa1a-91802c48df6d', '2026-02-27T19:48:35.658922+00:00') ON CONFLICT DO NOTHING;

-- stream_charges (51 rows)
INSERT INTO public.stream_charges (stream_id, fan_email, track_id, stream_ledger_id, created_at, idempotency_key) VALUES ('23e4fc76-6ad4-4bb4-a18d-3bab0435e04e', 'demo-fan@test.com', '2887e61c-ec09-4b9f-b01b-b10f5461419b', 'e241ca86-d561-41e9-9c9e-9c576f6cb674', '2026-02-27T18:44:02.475453+00:00', 'c5a70a13-305a-4a79-9a20-e9db92124519') ON CONFLICT DO NOTHING;
INSERT INTO public.stream_charges (stream_id, fan_email, track_id, stream_ledger_id, created_at, idempotency_key) VALUES ('0049d0cd-385c-48f7-b097-385a9992e5fe', 'demo-fan@test.com', '2887e61c-ec09-4b9f-b01b-b10f5461419b', '988819aa-52cf-46bd-884d-c22e46960f11', '2026-02-27T19:31:45.712688+00:00', '62864d18-f354-4dda-b98e-56ee80c0b312') ON CONFLICT DO NOTHING;
INSERT INTO public.stream_charges (stream_id, fan_email, track_id, stream_ledger_id, created_at, idempotency_key) VALUES ('5898fb74-969b-4df6-98e3-90ebf283023a', 'demo-fan@test.com', '702807e0-278f-466c-8f04-423c84a1112e', 'f0c451bb-f2dd-4298-a125-c5cd82852f15', '2026-02-27T19:33:21.239962+00:00', '673ce5e9-cf69-45e6-98ef-0c014fc3832a') ON CONFLICT DO NOTHING;
INSERT INTO public.stream_charges (stream_id, fan_email, track_id, stream_ledger_id, created_at, idempotency_key) VALUES ('df323ea4-55cd-461d-83bb-76a8d02f921c', 'demo-fan@test.com', '702807e0-278f-466c-8f04-423c84a1112e', 'facb48e0-42d6-4df7-af47-514220412ac0', '2026-02-27T19:34:45.638261+00:00', '4ec2e8a0-7c4c-4ddf-9e25-2b3657deede0') ON CONFLICT DO NOTHING;
INSERT INTO public.stream_charges (stream_id, fan_email, track_id, stream_ledger_id, created_at, idempotency_key) VALUES ('226a729f-d75a-4868-83e9-46f5934e84e7', 'demo-fan@test.com', '702807e0-278f-466c-8f04-423c84a1112e', 'a058372a-4d06-43e9-b857-7f45b3216123', '2026-02-27T19:37:36.276797+00:00', '24b7e822-b9dc-4cb9-a0c8-20909808f7f5') ON CONFLICT DO NOTHING;
INSERT INTO public.stream_charges (stream_id, fan_email, track_id, stream_ledger_id, created_at, idempotency_key) VALUES ('9eb8f26a-1306-4362-9ae3-c36f26ead60a', 'demo-fan@test.com', '2887e61c-ec09-4b9f-b01b-b10f5461419b', 'd7e9cd49-1a8c-4364-9106-015a8621dc66', '2026-02-27T19:48:16.199396+00:00', '3735edb7-04b7-40e3-9af5-12afa993f7d1') ON CONFLICT DO NOTHING;
INSERT INTO public.stream_charges (stream_id, fan_email, track_id, stream_ledger_id, created_at, idempotency_key) VALUES ('f6f97033-b6f6-4454-8ed8-d26bb42692d2', 'demo-fan@test.com', '702807e0-278f-466c-8f04-423c84a1112e', 'e937a0bb-dd41-4315-92f9-a7364e6b2ebe', '2026-02-27T22:54:00.949658+00:00', '2bde26f7-f69e-487d-9546-1f5f9d9eb108') ON CONFLICT DO NOTHING;
INSERT INTO public.stream_charges (stream_id, fan_email, track_id, stream_ledger_id, created_at, idempotency_key) VALUES ('7ee444e8-34af-4b6f-87e3-762644b44e13', 'demo-fan@test.com', '702807e0-278f-466c-8f04-423c84a1112e', '09a1ef66-fb7e-42cf-a334-4812c13e91b8', '2026-02-27T22:57:30.848523+00:00', '47f603ce-a74d-4cf4-a2e8-52847447ffa7') ON CONFLICT DO NOTHING;
INSERT INTO public.stream_charges (stream_id, fan_email, track_id, stream_ledger_id, created_at, idempotency_key) VALUES ('592b8e9e-3851-4e79-8f31-58f84bb02313', 'demo-fan@test.com', '702807e0-278f-466c-8f04-423c84a1112e', 'e11bca73-3d47-4bb0-af22-3cb63fdc5b8e', '2026-02-27T23:08:54.871821+00:00', '1e62b028-01a3-42ff-8de5-6f6d0a239d12') ON CONFLICT DO NOTHING;
INSERT INTO public.stream_charges (stream_id, fan_email, track_id, stream_ledger_id, created_at, idempotency_key) VALUES ('fdad3c88-00ef-4c23-814f-d6aff7da1f3b', 'demo-fan@test.com', '702807e0-278f-466c-8f04-423c84a1112e', 'b751d0cd-e253-4655-880d-2753689d8fa8', '2026-02-27T23:22:25.700474+00:00', 'a0335cc2-5f55-42cc-8712-e3e817d5b2f9') ON CONFLICT DO NOTHING;
INSERT INTO public.stream_charges (stream_id, fan_email, track_id, stream_ledger_id, created_at, idempotency_key) VALUES ('596de3cb-6686-43c2-b800-5ff387a4482f', 'demo-fan@test.com', '702807e0-278f-466c-8f04-423c84a1112e', '7116e122-0179-47a3-8d31-34d1d63c7c30', '2026-02-27T23:37:33.692856+00:00', '62359c18-46da-49c0-89f5-9954bd07d798') ON CONFLICT DO NOTHING;
INSERT INTO public.stream_charges (stream_id, fan_email, track_id, stream_ledger_id, created_at, idempotency_key) VALUES ('b9495bab-e8a3-4c09-bd6a-5f7cd1cd93ed', 'demo-fan@test.com', '702807e0-278f-466c-8f04-423c84a1112e', '538b5aea-bcf8-45d5-9563-ac51f64fda6d', '2026-02-28T02:35:46.93341+00:00', 'fad8ff64-4abf-4dea-bc26-5229c8060fe4') ON CONFLICT DO NOTHING;
INSERT INTO public.stream_charges (stream_id, fan_email, track_id, stream_ledger_id, created_at, idempotency_key) VALUES ('49bfac27-3a5e-42d1-893b-9b2aaf1a923a', 'demo-fan@test.com', '2887e61c-ec09-4b9f-b01b-b10f5461419b', 'e0b3dbbc-1975-48d2-bcb0-4a2772e3af22', '2026-02-28T03:54:26.54453+00:00', 'test-validate-20260228-001') ON CONFLICT DO NOTHING;
INSERT INTO public.stream_charges (stream_id, fan_email, track_id, stream_ledger_id, created_at, idempotency_key) VALUES ('cb0bdaf7-d534-49b7-8120-b59d379f559d', 'demo-fan@test.com', '702807e0-278f-466c-8f04-423c84a1112e', 'b3ff325b-d468-4ce0-9d15-1edb58534aad', '2026-02-28T04:58:45.608475+00:00', '634231b2-9a71-458f-9d79-8b2e33f217f1') ON CONFLICT DO NOTHING;
INSERT INTO public.stream_charges (stream_id, fan_email, track_id, stream_ledger_id, created_at, idempotency_key) VALUES ('1b6d73ff-7493-4720-b5d7-0ec8c6fb94bd', 'demo-fan@test.com', '702807e0-278f-466c-8f04-423c84a1112e', 'a2f11a10-cce1-4110-b57b-0886cc192cee', '2026-02-28T05:35:41.555255+00:00', '9fcc2919-7f97-491a-8be3-c49e241cbd14') ON CONFLICT DO NOTHING;
INSERT INTO public.stream_charges (stream_id, fan_email, track_id, stream_ledger_id, created_at, idempotency_key) VALUES ('86e40ce9-b1aa-47ae-85bc-aa83826e42ce', 'demo-fan@test.com', '702807e0-278f-466c-8f04-423c84a1112e', 'c8b02d04-6795-49b7-b8e2-60aedb213926', '2026-02-28T05:46:33.206442+00:00', 'd394444f-0e4f-4217-9c01-5d2287a69ee5') ON CONFLICT DO NOTHING;
INSERT INTO public.stream_charges (stream_id, fan_email, track_id, stream_ledger_id, created_at, idempotency_key) VALUES ('420b3feb-1139-4214-bce2-70265c31a0cd', 'demo-fan@test.com', '702807e0-278f-466c-8f04-423c84a1112e', 'f74fce66-a1d9-4190-a677-b17cbf55245f', '2026-02-28T07:44:27.670928+00:00', 'fb9fb0b4-65ac-4eb5-8d60-48b9d4bfe2d7') ON CONFLICT DO NOTHING;
INSERT INTO public.stream_charges (stream_id, fan_email, track_id, stream_ledger_id, created_at, idempotency_key) VALUES ('0cedac91-002b-4344-93db-bb241f39824f', 'demo-fan@test.com', '702807e0-278f-466c-8f04-423c84a1112e', '1bfeb9e4-2511-4035-9fcd-991d5f4d8e32', '2026-02-28T17:06:44.257454+00:00', '8b024f6d-481a-4c94-bf3e-2ad8c337f0bf') ON CONFLICT DO NOTHING;
INSERT INTO public.stream_charges (stream_id, fan_email, track_id, stream_ledger_id, created_at, idempotency_key) VALUES ('fe655fc7-2af3-4f57-a0ec-321fc06ca4b9', 'demo-fan@test.com', '96eebac0-c60b-417e-9ea1-3b284e6757b2', '3c23b928-1fa9-400c-b766-8bf54d6ed0cd', '2026-03-02T23:30:43.290976+00:00', '1417fed4-31e2-4c1d-b5aa-d9ed4dd6e3a1') ON CONFLICT DO NOTHING;
INSERT INTO public.stream_charges (stream_id, fan_email, track_id, stream_ledger_id, created_at, idempotency_key) VALUES ('673068a2-9a4b-4e34-a831-c481aabddfb6', 'demo-fan@test.com', '96eebac0-c60b-417e-9ea1-3b284e6757b2', 'fb21d798-125b-4086-aaca-dc5ae68008bb', '2026-03-03T00:04:58.467677+00:00', '08eaab60-318c-47bf-8073-daecbea6c553') ON CONFLICT DO NOTHING;
INSERT INTO public.stream_charges (stream_id, fan_email, track_id, stream_ledger_id, created_at, idempotency_key) VALUES ('2d977d29-f0cb-48f5-b55f-802802941e6c', 'demo-fan@test.com', '96eebac0-c60b-417e-9ea1-3b284e6757b2', 'd0cd91dd-bd4d-4bf1-8832-de79ac81af72', '2026-03-03T00:05:18.684527+00:00', 'aa0f5081-d1c7-43a7-a15c-37f43dc0faae') ON CONFLICT DO NOTHING;
INSERT INTO public.stream_charges (stream_id, fan_email, track_id, stream_ledger_id, created_at, idempotency_key) VALUES ('1c9db7a9-45ec-48db-b836-a944973dc816', 'demo-fan@test.com', '96eebac0-c60b-417e-9ea1-3b284e6757b2', '79f3d24d-364c-4f98-8272-d8bb216f39f1', '2026-03-03T00:06:32.540826+00:00', '3f3b2017-dc06-4bec-b965-2aca4fa519b0') ON CONFLICT DO NOTHING;
INSERT INTO public.stream_charges (stream_id, fan_email, track_id, stream_ledger_id, created_at, idempotency_key) VALUES ('46fcbf34-72f9-4e51-b3a7-4692e62aba99', 'demo-fan@test.com', '96eebac0-c60b-417e-9ea1-3b284e6757b2', '70e2fbac-bbcc-48b7-bdb4-bcd9bfcedd1b', '2026-03-03T00:09:42.438631+00:00', '4152a570-cbc4-42ba-8ea7-1228ecea5fe9') ON CONFLICT DO NOTHING;
INSERT INTO public.stream_charges (stream_id, fan_email, track_id, stream_ledger_id, created_at, idempotency_key) VALUES ('95d7f79c-25bb-4b9b-b5d5-02371d20069c', 'demo-fan@test.com', '96eebac0-c60b-417e-9ea1-3b284e6757b2', '78968181-246c-4d29-a632-548bc17f9cff', '2026-03-03T00:12:12.709916+00:00', 'a99e10fc-e0d8-42cc-b72b-fd154e5a3731') ON CONFLICT DO NOTHING;
INSERT INTO public.stream_charges (stream_id, fan_email, track_id, stream_ledger_id, created_at, idempotency_key) VALUES ('cff8d2da-d690-42f4-8d5d-d80d0f7513e3', 'demo-fan@test.com', '96eebac0-c60b-417e-9ea1-3b284e6757b2', 'd57c7ef0-f4c3-4246-a41f-c57908373db7', '2026-03-03T00:12:24.214022+00:00', '43b8b188-84d6-4955-bf11-5811a245af58') ON CONFLICT DO NOTHING;
INSERT INTO public.stream_charges (stream_id, fan_email, track_id, stream_ledger_id, created_at, idempotency_key) VALUES ('5555c1e3-f270-4429-8fde-38ed20c76fe2', 'demo-fan@test.com', '96eebac0-c60b-417e-9ea1-3b284e6757b2', 'c461fb7e-a250-469e-a57c-5cfe6fbca42d', '2026-03-03T00:12:24.272385+00:00', 'caf537ed-1eb3-4eb4-96ba-639ecf796225') ON CONFLICT DO NOTHING;
INSERT INTO public.stream_charges (stream_id, fan_email, track_id, stream_ledger_id, created_at, idempotency_key) VALUES ('758a295e-b131-4425-a9d6-a4441629fddf', 'demo-fan@test.com', '96eebac0-c60b-417e-9ea1-3b284e6757b2', 'a5a27d3c-b129-4c06-b327-df2b5600c8f9', '2026-03-03T00:13:58.865722+00:00', '453f26be-a0f3-43d7-9241-a803a9ca6b51') ON CONFLICT DO NOTHING;
INSERT INTO public.stream_charges (stream_id, fan_email, track_id, stream_ledger_id, created_at, idempotency_key) VALUES ('a0b515d3-95f4-4626-a30c-14c9a578d3c1', 'demo-fan@test.com', '96eebac0-c60b-417e-9ea1-3b284e6757b2', '6146f4a7-4a63-405a-b793-dcb3f8c1552c', '2026-03-03T00:19:15.601395+00:00', 'a8ca1327-e30d-436b-b1f4-2d91d037fe9e') ON CONFLICT DO NOTHING;
INSERT INTO public.stream_charges (stream_id, fan_email, track_id, stream_ledger_id, created_at, idempotency_key) VALUES ('de1ba3fd-1ab5-467f-84c7-985ac231d9ee', 'demo-fan@test.com', '96eebac0-c60b-417e-9ea1-3b284e6757b2', 'a7be3bd0-cea0-4001-88ae-22ce52d26e12', '2026-03-03T00:23:34.419042+00:00', '2cbab19a-1fec-4b79-9b00-5ca811b64dde') ON CONFLICT DO NOTHING;
INSERT INTO public.stream_charges (stream_id, fan_email, track_id, stream_ledger_id, created_at, idempotency_key) VALUES ('39db65c3-a870-4696-9f73-a095d3fc7a9f', 'demo-fan@test.com', '96eebac0-c60b-417e-9ea1-3b284e6757b2', 'f8ba9b66-ddb8-442c-a3a8-3355b2c9ee74', '2026-03-03T00:32:30.359811+00:00', '911a3040-7ff4-4f28-be1c-a5e867af7e1a') ON CONFLICT DO NOTHING;
INSERT INTO public.stream_charges (stream_id, fan_email, track_id, stream_ledger_id, created_at, idempotency_key) VALUES ('510cb01a-9a5f-497a-b18e-206adeff658e', 'demo-fan@test.com', '96eebac0-c60b-417e-9ea1-3b284e6757b2', '517efb59-45ed-4b4a-a6f1-b478d44704e2', '2026-03-03T00:35:20.822585+00:00', '5069e5c9-e4c7-40fb-ad65-934d3c97f6f1') ON CONFLICT DO NOTHING;
INSERT INTO public.stream_charges (stream_id, fan_email, track_id, stream_ledger_id, created_at, idempotency_key) VALUES ('f8b3baca-03c9-4686-abb6-fc117edc02d3', 'demo-fan@test.com', '0ab1e12f-a27b-4bd1-8a65-d9c5a163d521', 'f01e0550-47df-470e-8561-11691e5ec86e', '2026-03-03T00:37:40.680547+00:00', 'c2d9070a-60f6-4bac-bb84-439a5c6cf71f') ON CONFLICT DO NOTHING;
INSERT INTO public.stream_charges (stream_id, fan_email, track_id, stream_ledger_id, created_at, idempotency_key) VALUES ('562ea9c9-d699-4046-912b-233df0f81b86', 'demo-fan@test.com', '96eebac0-c60b-417e-9ea1-3b284e6757b2', '3b2b2874-d7b0-4f99-bef7-6010ecb6f6d4', '2026-03-03T00:39:29.59691+00:00', '99cfd714-0d5e-4294-a8c3-77b28efc0453') ON CONFLICT DO NOTHING;
INSERT INTO public.stream_charges (stream_id, fan_email, track_id, stream_ledger_id, created_at, idempotency_key) VALUES ('202eacde-5561-46ef-8838-43bd5d880761', 'demo-fan@test.com', '96eebac0-c60b-417e-9ea1-3b284e6757b2', 'd532c0ec-3501-4abe-9287-c0f4409c8a92', '2026-03-03T00:41:06.050497+00:00', 'de5096f1-9b3d-4a1f-9136-747d8fb399f0') ON CONFLICT DO NOTHING;
INSERT INTO public.stream_charges (stream_id, fan_email, track_id, stream_ledger_id, created_at, idempotency_key) VALUES ('b8defca5-825f-4a9a-a8ae-6e34acb2b9c4', 'demo-fan@test.com', '96eebac0-c60b-417e-9ea1-3b284e6757b2', '0656ba65-4c5d-402d-8816-11146307fe58', '2026-03-03T00:43:40.337616+00:00', '3aedbfd3-f13c-4e42-9d1a-7f6fb506ffdc') ON CONFLICT DO NOTHING;
INSERT INTO public.stream_charges (stream_id, fan_email, track_id, stream_ledger_id, created_at, idempotency_key) VALUES ('da99e366-9fd6-4c1d-b70e-1605627fe0f0', 'demo-fan@test.com', '96eebac0-c60b-417e-9ea1-3b284e6757b2', '6afaf360-9997-4f8e-b001-bd79d0184994', '2026-03-03T00:54:47.962984+00:00', '30539295-b98b-4bff-a653-6441058388c8') ON CONFLICT DO NOTHING;
INSERT INTO public.stream_charges (stream_id, fan_email, track_id, stream_ledger_id, created_at, idempotency_key) VALUES ('c3127dc2-6e01-460d-a3bf-b30b0b869c7e', 'demo-fan@test.com', 'c4b41072-86d6-4093-8c45-496724294c63', 'f328c37a-8524-4b8e-b077-1786a1438cc3', '2026-03-03T00:57:29.408411+00:00', '45658975-2cdd-405f-a8a6-22d5f9b79554') ON CONFLICT DO NOTHING;
INSERT INTO public.stream_charges (stream_id, fan_email, track_id, stream_ledger_id, created_at, idempotency_key) VALUES ('6012bb2b-3ac5-4f16-9b5f-d1020afb91dc', 'demo-fan@test.com', '0ab1e12f-a27b-4bd1-8a65-d9c5a163d521', '69c43f82-58c5-4815-be67-355a61178f70', '2026-03-04T23:53:17.074556+00:00', '60c3177c-2f64-496f-9a6a-47b9786f8df4') ON CONFLICT DO NOTHING;
INSERT INTO public.stream_charges (stream_id, fan_email, track_id, stream_ledger_id, created_at, idempotency_key) VALUES ('a5cf70f9-7c24-4e2b-a39c-0c148bafa36b', 'demo-fan@test.com', '96eebac0-c60b-417e-9ea1-3b284e6757b2', '1523c804-a6e5-4646-9dad-a32d26066264', '2026-03-05T00:30:54.8512+00:00', '9f17b6d1-ca19-41b5-8bb1-d1fa031c4c65') ON CONFLICT DO NOTHING;
INSERT INTO public.stream_charges (stream_id, fan_email, track_id, stream_ledger_id, created_at, idempotency_key) VALUES ('9916415f-f8fc-4718-a244-10e73794c5e2', 'demo-fan@test.com', '96eebac0-c60b-417e-9ea1-3b284e6757b2', '3655fb3d-794a-4d1f-b635-242a35b22da1', '2026-03-05T02:20:07.919199+00:00', '1cf59f0d-0b93-4373-a438-0e4f0f9fe213') ON CONFLICT DO NOTHING;
INSERT INTO public.stream_charges (stream_id, fan_email, track_id, stream_ledger_id, created_at, idempotency_key) VALUES ('086838e3-5099-42f0-8436-04ac1ffdd421', 'demo-fan@test.com', '96eebac0-c60b-417e-9ea1-3b284e6757b2', '81ed437f-5069-4417-9a4a-0303da6e5d69', '2026-03-05T02:39:50.3152+00:00', '87e5a2a7-cf34-40ae-af14-6c26c1177540') ON CONFLICT DO NOTHING;
INSERT INTO public.stream_charges (stream_id, fan_email, track_id, stream_ledger_id, created_at, idempotency_key) VALUES ('9a49c54c-d525-4899-b0d3-15d74423b52f', 'demo-fan@test.com', '96eebac0-c60b-417e-9ea1-3b284e6757b2', '4e8a3121-a2cc-4489-9022-b6f258b18c9d', '2026-03-05T23:53:08.513828+00:00', '5eb272d2-7dee-40cf-b334-e1219b14b20b') ON CONFLICT DO NOTHING;
INSERT INTO public.stream_charges (stream_id, fan_email, track_id, stream_ledger_id, created_at, idempotency_key) VALUES ('41e0f577-d0fd-430b-8fea-11709e054022', 'demo-fan@test.com', 'ea1bfbd0-beb3-48a5-940e-a0fbb2f3a142', 'c5af70ce-65bf-4a77-9064-89c8254f2644', '2026-03-06T00:37:26.873897+00:00', '7d2f5712-50dd-417b-b8f4-680527b0cdb0') ON CONFLICT DO NOTHING;
INSERT INTO public.stream_charges (stream_id, fan_email, track_id, stream_ledger_id, created_at, idempotency_key) VALUES ('fec9f723-9bd8-49df-b459-8fece467097c', 'demo-fan@test.com', 'ea1bfbd0-beb3-48a5-940e-a0fbb2f3a142', 'ef18d487-c2d5-4af0-ac7b-afee257c8d92', '2026-03-06T01:46:05.035161+00:00', '252f1574-d6ed-4a67-99d6-b85f2cef0e8c') ON CONFLICT DO NOTHING;
INSERT INTO public.stream_charges (stream_id, fan_email, track_id, stream_ledger_id, created_at, idempotency_key) VALUES ('a3eaf2dc-6800-44fb-a582-74d8c8fcff30', 'demo-fan@test.com', 'ea1bfbd0-beb3-48a5-940e-a0fbb2f3a142', '16d7d5aa-0915-4f68-bbc7-cee93d5b5b16', '2026-03-06T01:46:15.892472+00:00', 'bd2df922-1231-4c5b-8834-353aa0d61047') ON CONFLICT DO NOTHING;
INSERT INTO public.stream_charges (stream_id, fan_email, track_id, stream_ledger_id, created_at, idempotency_key) VALUES ('9ce9a5e2-e471-4429-9f86-38067571edd7', 'demo-fan@test.com', '0ab1e12f-a27b-4bd1-8a65-d9c5a163d521', 'd9b08320-aa0b-4d12-a25c-e407cfaed3a9', '2026-03-10T20:26:08.587302+00:00', '0e04893d-423f-4e83-9788-302cc42099cd') ON CONFLICT DO NOTHING;
INSERT INTO public.stream_charges (stream_id, fan_email, track_id, stream_ledger_id, created_at, idempotency_key) VALUES ('782c2b61-8a79-4658-bd0a-ea3e24de65ec', 'demo-fan@test.com', '0ab1e12f-a27b-4bd1-8a65-d9c5a163d521', 'fc384694-89e5-42ee-ba63-f572cfd13fbb', '2026-03-10T20:31:55.216387+00:00', '0b3ff0bd-61f8-4ca3-9aae-eb361cd34bbc') ON CONFLICT DO NOTHING;
INSERT INTO public.stream_charges (stream_id, fan_email, track_id, stream_ledger_id, created_at, idempotency_key) VALUES ('c970750f-12ac-4278-83c5-1832c6fcc5bb', 'demo-fan@test.com', 'c4b41072-86d6-4093-8c45-496724294c63', 'cd5f7f1e-ea81-4b49-a678-a08d67cfcc51', '2026-03-10T20:37:07.857046+00:00', 'e21fc5be-2fee-45b5-b46d-8fe37a0862ad') ON CONFLICT DO NOTHING;
INSERT INTO public.stream_charges (stream_id, fan_email, track_id, stream_ledger_id, created_at, idempotency_key) VALUES ('81423bc2-8d5d-4d85-a066-7b9bccb8f5a2', 'demo-fan@test.com', '0ab1e12f-a27b-4bd1-8a65-d9c5a163d521', '8728d1a5-05be-4431-9ec7-b0e0f0bc25f3', '2026-03-10T20:40:19.467206+00:00', 'ec7df5d1-ed2a-4c8d-b00a-56f3854e28ff') ON CONFLICT DO NOTHING;
INSERT INTO public.stream_charges (stream_id, fan_email, track_id, stream_ledger_id, created_at, idempotency_key) VALUES ('54aa3422-cb96-4916-ad13-53846c7efaeb', 'demo-fan@test.com', '96eebac0-c60b-417e-9ea1-3b284e6757b2', '56f3d7d9-3ee6-474b-8de8-d77cf22e2e32', '2026-03-10T22:03:44.799296+00:00', '519abd28-b41e-4d64-89b8-92793abc64c7') ON CONFLICT DO NOTHING;
INSERT INTO public.stream_charges (stream_id, fan_email, track_id, stream_ledger_id, created_at, idempotency_key) VALUES ('4e334cf1-8e00-431b-a032-6cb248a0491c', 'demo-fan@test.com', '96eebac0-c60b-417e-9ea1-3b284e6757b2', '34d3330c-de49-4239-8cda-8a6831b487f8', '2026-03-10T22:18:56.496964+00:00', '4052fa72-fdf2-446d-a251-d358935159c6') ON CONFLICT DO NOTHING;

-- stream_ledger (51 rows)
INSERT INTO public.stream_ledger (id, fan_id, fan_email, artist_id, track_id, credits_spent, amount_total, amount_artist, amount_platform, payout_status, payout_batch_id, created_at) VALUES ('e241ca86-d561-41e9-9c9e-9c576f6cb674', 'db9c713b-df72-4dc2-b535-6ebfdc1cce45', 'demo-fan@test.com', 'b5ce51ad-acf4-4e2d-a378-083fb2c32be2', '2887e61c-ec09-4b9f-b01b-b10f5461419b', 1, 0.2, 0.1, 0.1, 'pending', NULL, '2026-02-27T18:44:02.692067+00:00') ON CONFLICT DO NOTHING;
INSERT INTO public.stream_ledger (id, fan_id, fan_email, artist_id, track_id, credits_spent, amount_total, amount_artist, amount_platform, payout_status, payout_batch_id, created_at) VALUES ('988819aa-52cf-46bd-884d-c22e46960f11', 'db9c713b-df72-4dc2-b535-6ebfdc1cce45', 'demo-fan@test.com', 'b5ce51ad-acf4-4e2d-a378-083fb2c32be2', '2887e61c-ec09-4b9f-b01b-b10f5461419b', 1, 0.2, 0.1, 0.1, 'pending', NULL, '2026-02-27T19:31:45.846797+00:00') ON CONFLICT DO NOTHING;
INSERT INTO public.stream_ledger (id, fan_id, fan_email, artist_id, track_id, credits_spent, amount_total, amount_artist, amount_platform, payout_status, payout_batch_id, created_at) VALUES ('f0c451bb-f2dd-4298-a125-c5cd82852f15', 'db9c713b-df72-4dc2-b535-6ebfdc1cce45', 'demo-fan@test.com', '435b37fd-9d4d-43db-aba3-ae55427c1e41', '702807e0-278f-466c-8f04-423c84a1112e', 1, 0.2, 0.1, 0.1, 'pending', NULL, '2026-02-27T19:33:21.391316+00:00') ON CONFLICT DO NOTHING;
INSERT INTO public.stream_ledger (id, fan_id, fan_email, artist_id, track_id, credits_spent, amount_total, amount_artist, amount_platform, payout_status, payout_batch_id, created_at) VALUES ('facb48e0-42d6-4df7-af47-514220412ac0', 'db9c713b-df72-4dc2-b535-6ebfdc1cce45', 'demo-fan@test.com', '435b37fd-9d4d-43db-aba3-ae55427c1e41', '702807e0-278f-466c-8f04-423c84a1112e', 1, 0.2, 0.1, 0.1, 'pending', NULL, '2026-02-27T19:34:45.770667+00:00') ON CONFLICT DO NOTHING;
INSERT INTO public.stream_ledger (id, fan_id, fan_email, artist_id, track_id, credits_spent, amount_total, amount_artist, amount_platform, payout_status, payout_batch_id, created_at) VALUES ('a058372a-4d06-43e9-b857-7f45b3216123', 'db9c713b-df72-4dc2-b535-6ebfdc1cce45', 'demo-fan@test.com', '435b37fd-9d4d-43db-aba3-ae55427c1e41', '702807e0-278f-466c-8f04-423c84a1112e', 1, 0.2, 0.1, 0.1, 'pending', NULL, '2026-02-27T19:37:36.42802+00:00') ON CONFLICT DO NOTHING;
INSERT INTO public.stream_ledger (id, fan_id, fan_email, artist_id, track_id, credits_spent, amount_total, amount_artist, amount_platform, payout_status, payout_batch_id, created_at) VALUES ('d7e9cd49-1a8c-4364-9106-015a8621dc66', 'db9c713b-df72-4dc2-b535-6ebfdc1cce45', 'demo-fan@test.com', 'b5ce51ad-acf4-4e2d-a378-083fb2c32be2', '2887e61c-ec09-4b9f-b01b-b10f5461419b', 1, 0.2, 0.1, 0.1, 'pending', NULL, '2026-02-27T19:48:16.333589+00:00') ON CONFLICT DO NOTHING;
INSERT INTO public.stream_ledger (id, fan_id, fan_email, artist_id, track_id, credits_spent, amount_total, amount_artist, amount_platform, payout_status, payout_batch_id, created_at) VALUES ('e937a0bb-dd41-4315-92f9-a7364e6b2ebe', 'db9c713b-df72-4dc2-b535-6ebfdc1cce45', 'demo-fan@test.com', '435b37fd-9d4d-43db-aba3-ae55427c1e41', '702807e0-278f-466c-8f04-423c84a1112e', 1, 0.2, 0.1, 0.1, 'pending', NULL, '2026-02-27T22:54:01.087329+00:00') ON CONFLICT DO NOTHING;
INSERT INTO public.stream_ledger (id, fan_id, fan_email, artist_id, track_id, credits_spent, amount_total, amount_artist, amount_platform, payout_status, payout_batch_id, created_at) VALUES ('09a1ef66-fb7e-42cf-a334-4812c13e91b8', 'db9c713b-df72-4dc2-b535-6ebfdc1cce45', 'demo-fan@test.com', '435b37fd-9d4d-43db-aba3-ae55427c1e41', '702807e0-278f-466c-8f04-423c84a1112e', 1, 0.2, 0.1, 0.1, 'pending', NULL, '2026-02-27T22:57:30.989261+00:00') ON CONFLICT DO NOTHING;
INSERT INTO public.stream_ledger (id, fan_id, fan_email, artist_id, track_id, credits_spent, amount_total, amount_artist, amount_platform, payout_status, payout_batch_id, created_at) VALUES ('e11bca73-3d47-4bb0-af22-3cb63fdc5b8e', 'db9c713b-df72-4dc2-b535-6ebfdc1cce45', 'demo-fan@test.com', '435b37fd-9d4d-43db-aba3-ae55427c1e41', '702807e0-278f-466c-8f04-423c84a1112e', 1, 0.2, 0.1, 0.1, 'pending', NULL, '2026-02-27T23:08:54.99476+00:00') ON CONFLICT DO NOTHING;
INSERT INTO public.stream_ledger (id, fan_id, fan_email, artist_id, track_id, credits_spent, amount_total, amount_artist, amount_platform, payout_status, payout_batch_id, created_at) VALUES ('b751d0cd-e253-4655-880d-2753689d8fa8', 'db9c713b-df72-4dc2-b535-6ebfdc1cce45', 'demo-fan@test.com', '435b37fd-9d4d-43db-aba3-ae55427c1e41', '702807e0-278f-466c-8f04-423c84a1112e', 1, 0.2, 0.1, 0.1, 'pending', NULL, '2026-02-27T23:22:25.826482+00:00') ON CONFLICT DO NOTHING;
INSERT INTO public.stream_ledger (id, fan_id, fan_email, artist_id, track_id, credits_spent, amount_total, amount_artist, amount_platform, payout_status, payout_batch_id, created_at) VALUES ('7116e122-0179-47a3-8d31-34d1d63c7c30', 'db9c713b-df72-4dc2-b535-6ebfdc1cce45', 'demo-fan@test.com', '435b37fd-9d4d-43db-aba3-ae55427c1e41', '702807e0-278f-466c-8f04-423c84a1112e', 1, 0.2, 0.1, 0.1, 'pending', NULL, '2026-02-27T23:37:33.82152+00:00') ON CONFLICT DO NOTHING;
INSERT INTO public.stream_ledger (id, fan_id, fan_email, artist_id, track_id, credits_spent, amount_total, amount_artist, amount_platform, payout_status, payout_batch_id, created_at) VALUES ('538b5aea-bcf8-45d5-9563-ac51f64fda6d', 'db9c713b-df72-4dc2-b535-6ebfdc1cce45', 'demo-fan@test.com', '435b37fd-9d4d-43db-aba3-ae55427c1e41', '702807e0-278f-466c-8f04-423c84a1112e', 1, 0.2, 0.1, 0.1, 'pending', NULL, '2026-02-28T02:35:47.062748+00:00') ON CONFLICT DO NOTHING;
INSERT INTO public.stream_ledger (id, fan_id, fan_email, artist_id, track_id, credits_spent, amount_total, amount_artist, amount_platform, payout_status, payout_batch_id, created_at) VALUES ('e0b3dbbc-1975-48d2-bcb0-4a2772e3af22', 'db9c713b-df72-4dc2-b535-6ebfdc1cce45', 'demo-fan@test.com', 'b5ce51ad-acf4-4e2d-a378-083fb2c32be2', '2887e61c-ec09-4b9f-b01b-b10f5461419b', 1, 0.2, 0.1, 0.1, 'pending', NULL, '2026-02-28T03:54:26.54453+00:00') ON CONFLICT DO NOTHING;
INSERT INTO public.stream_ledger (id, fan_id, fan_email, artist_id, track_id, credits_spent, amount_total, amount_artist, amount_platform, payout_status, payout_batch_id, created_at) VALUES ('b3ff325b-d468-4ce0-9d15-1edb58534aad', 'db9c713b-df72-4dc2-b535-6ebfdc1cce45', 'demo-fan@test.com', '435b37fd-9d4d-43db-aba3-ae55427c1e41', '702807e0-278f-466c-8f04-423c84a1112e', 1, 0.2, 0.1, 0.1, 'pending', NULL, '2026-02-28T04:58:45.608475+00:00') ON CONFLICT DO NOTHING;
INSERT INTO public.stream_ledger (id, fan_id, fan_email, artist_id, track_id, credits_spent, amount_total, amount_artist, amount_platform, payout_status, payout_batch_id, created_at) VALUES ('a2f11a10-cce1-4110-b57b-0886cc192cee', 'db9c713b-df72-4dc2-b535-6ebfdc1cce45', 'demo-fan@test.com', '435b37fd-9d4d-43db-aba3-ae55427c1e41', '702807e0-278f-466c-8f04-423c84a1112e', 1, 0.2, 0.1, 0.1, 'pending', NULL, '2026-02-28T05:35:41.555255+00:00') ON CONFLICT DO NOTHING;
INSERT INTO public.stream_ledger (id, fan_id, fan_email, artist_id, track_id, credits_spent, amount_total, amount_artist, amount_platform, payout_status, payout_batch_id, created_at) VALUES ('c8b02d04-6795-49b7-b8e2-60aedb213926', 'db9c713b-df72-4dc2-b535-6ebfdc1cce45', 'demo-fan@test.com', '435b37fd-9d4d-43db-aba3-ae55427c1e41', '702807e0-278f-466c-8f04-423c84a1112e', 1, 0.2, 0.1, 0.1, 'pending', NULL, '2026-02-28T05:46:33.206442+00:00') ON CONFLICT DO NOTHING;
INSERT INTO public.stream_ledger (id, fan_id, fan_email, artist_id, track_id, credits_spent, amount_total, amount_artist, amount_platform, payout_status, payout_batch_id, created_at) VALUES ('f74fce66-a1d9-4190-a677-b17cbf55245f', 'db9c713b-df72-4dc2-b535-6ebfdc1cce45', 'demo-fan@test.com', '435b37fd-9d4d-43db-aba3-ae55427c1e41', '702807e0-278f-466c-8f04-423c84a1112e', 1, 0.2, 0.1, 0.1, 'pending', NULL, '2026-02-28T07:44:27.670928+00:00') ON CONFLICT DO NOTHING;
INSERT INTO public.stream_ledger (id, fan_id, fan_email, artist_id, track_id, credits_spent, amount_total, amount_artist, amount_platform, payout_status, payout_batch_id, created_at) VALUES ('1bfeb9e4-2511-4035-9fcd-991d5f4d8e32', 'db9c713b-df72-4dc2-b535-6ebfdc1cce45', 'demo-fan@test.com', '435b37fd-9d4d-43db-aba3-ae55427c1e41', '702807e0-278f-466c-8f04-423c84a1112e', 1, 0.2, 0.1, 0.1, 'pending', NULL, '2026-02-28T17:06:44.257454+00:00') ON CONFLICT DO NOTHING;
INSERT INTO public.stream_ledger (id, fan_id, fan_email, artist_id, track_id, credits_spent, amount_total, amount_artist, amount_platform, payout_status, payout_batch_id, created_at) VALUES ('3c23b928-1fa9-400c-b766-8bf54d6ed0cd', 'db9c713b-df72-4dc2-b535-6ebfdc1cce45', 'demo-fan@test.com', '435b37fd-9d4d-43db-aba3-ae55427c1e41', '96eebac0-c60b-417e-9ea1-3b284e6757b2', 1, 0.2, 0.1, 0.1, 'pending', NULL, '2026-03-02T23:30:43.290976+00:00') ON CONFLICT DO NOTHING;
INSERT INTO public.stream_ledger (id, fan_id, fan_email, artist_id, track_id, credits_spent, amount_total, amount_artist, amount_platform, payout_status, payout_batch_id, created_at) VALUES ('fb21d798-125b-4086-aaca-dc5ae68008bb', 'db9c713b-df72-4dc2-b535-6ebfdc1cce45', 'demo-fan@test.com', '435b37fd-9d4d-43db-aba3-ae55427c1e41', '96eebac0-c60b-417e-9ea1-3b284e6757b2', 1, 0.2, 0.1, 0.1, 'pending', NULL, '2026-03-03T00:04:58.467677+00:00') ON CONFLICT DO NOTHING;
INSERT INTO public.stream_ledger (id, fan_id, fan_email, artist_id, track_id, credits_spent, amount_total, amount_artist, amount_platform, payout_status, payout_batch_id, created_at) VALUES ('d0cd91dd-bd4d-4bf1-8832-de79ac81af72', 'db9c713b-df72-4dc2-b535-6ebfdc1cce45', 'demo-fan@test.com', '435b37fd-9d4d-43db-aba3-ae55427c1e41', '96eebac0-c60b-417e-9ea1-3b284e6757b2', 1, 0.2, 0.1, 0.1, 'pending', NULL, '2026-03-03T00:05:18.684527+00:00') ON CONFLICT DO NOTHING;
INSERT INTO public.stream_ledger (id, fan_id, fan_email, artist_id, track_id, credits_spent, amount_total, amount_artist, amount_platform, payout_status, payout_batch_id, created_at) VALUES ('79f3d24d-364c-4f98-8272-d8bb216f39f1', 'db9c713b-df72-4dc2-b535-6ebfdc1cce45', 'demo-fan@test.com', '435b37fd-9d4d-43db-aba3-ae55427c1e41', '96eebac0-c60b-417e-9ea1-3b284e6757b2', 1, 0.2, 0.1, 0.1, 'pending', NULL, '2026-03-03T00:06:32.540826+00:00') ON CONFLICT DO NOTHING;
INSERT INTO public.stream_ledger (id, fan_id, fan_email, artist_id, track_id, credits_spent, amount_total, amount_artist, amount_platform, payout_status, payout_batch_id, created_at) VALUES ('70e2fbac-bbcc-48b7-bdb4-bcd9bfcedd1b', 'db9c713b-df72-4dc2-b535-6ebfdc1cce45', 'demo-fan@test.com', '435b37fd-9d4d-43db-aba3-ae55427c1e41', '96eebac0-c60b-417e-9ea1-3b284e6757b2', 1, 0.2, 0.1, 0.1, 'pending', NULL, '2026-03-03T00:09:42.438631+00:00') ON CONFLICT DO NOTHING;
INSERT INTO public.stream_ledger (id, fan_id, fan_email, artist_id, track_id, credits_spent, amount_total, amount_artist, amount_platform, payout_status, payout_batch_id, created_at) VALUES ('78968181-246c-4d29-a632-548bc17f9cff', 'db9c713b-df72-4dc2-b535-6ebfdc1cce45', 'demo-fan@test.com', '435b37fd-9d4d-43db-aba3-ae55427c1e41', '96eebac0-c60b-417e-9ea1-3b284e6757b2', 1, 0.2, 0.1, 0.1, 'pending', NULL, '2026-03-03T00:12:12.709916+00:00') ON CONFLICT DO NOTHING;
INSERT INTO public.stream_ledger (id, fan_id, fan_email, artist_id, track_id, credits_spent, amount_total, amount_artist, amount_platform, payout_status, payout_batch_id, created_at) VALUES ('d57c7ef0-f4c3-4246-a41f-c57908373db7', 'db9c713b-df72-4dc2-b535-6ebfdc1cce45', 'demo-fan@test.com', '435b37fd-9d4d-43db-aba3-ae55427c1e41', '96eebac0-c60b-417e-9ea1-3b284e6757b2', 1, 0.2, 0.1, 0.1, 'pending', NULL, '2026-03-03T00:12:24.214022+00:00') ON CONFLICT DO NOTHING;
INSERT INTO public.stream_ledger (id, fan_id, fan_email, artist_id, track_id, credits_spent, amount_total, amount_artist, amount_platform, payout_status, payout_batch_id, created_at) VALUES ('c461fb7e-a250-469e-a57c-5cfe6fbca42d', 'db9c713b-df72-4dc2-b535-6ebfdc1cce45', 'demo-fan@test.com', '435b37fd-9d4d-43db-aba3-ae55427c1e41', '96eebac0-c60b-417e-9ea1-3b284e6757b2', 1, 0.2, 0.1, 0.1, 'pending', NULL, '2026-03-03T00:12:24.272385+00:00') ON CONFLICT DO NOTHING;
INSERT INTO public.stream_ledger (id, fan_id, fan_email, artist_id, track_id, credits_spent, amount_total, amount_artist, amount_platform, payout_status, payout_batch_id, created_at) VALUES ('a5a27d3c-b129-4c06-b327-df2b5600c8f9', 'db9c713b-df72-4dc2-b535-6ebfdc1cce45', 'demo-fan@test.com', '435b37fd-9d4d-43db-aba3-ae55427c1e41', '96eebac0-c60b-417e-9ea1-3b284e6757b2', 1, 0.2, 0.1, 0.1, 'pending', NULL, '2026-03-03T00:13:58.865722+00:00') ON CONFLICT DO NOTHING;
INSERT INTO public.stream_ledger (id, fan_id, fan_email, artist_id, track_id, credits_spent, amount_total, amount_artist, amount_platform, payout_status, payout_batch_id, created_at) VALUES ('6146f4a7-4a63-405a-b793-dcb3f8c1552c', 'db9c713b-df72-4dc2-b535-6ebfdc1cce45', 'demo-fan@test.com', '435b37fd-9d4d-43db-aba3-ae55427c1e41', '96eebac0-c60b-417e-9ea1-3b284e6757b2', 1, 0.2, 0.1, 0.1, 'pending', NULL, '2026-03-03T00:19:15.601395+00:00') ON CONFLICT DO NOTHING;
INSERT INTO public.stream_ledger (id, fan_id, fan_email, artist_id, track_id, credits_spent, amount_total, amount_artist, amount_platform, payout_status, payout_batch_id, created_at) VALUES ('a7be3bd0-cea0-4001-88ae-22ce52d26e12', 'db9c713b-df72-4dc2-b535-6ebfdc1cce45', 'demo-fan@test.com', '435b37fd-9d4d-43db-aba3-ae55427c1e41', '96eebac0-c60b-417e-9ea1-3b284e6757b2', 1, 0.2, 0.1, 0.1, 'pending', NULL, '2026-03-03T00:23:34.419042+00:00') ON CONFLICT DO NOTHING;
INSERT INTO public.stream_ledger (id, fan_id, fan_email, artist_id, track_id, credits_spent, amount_total, amount_artist, amount_platform, payout_status, payout_batch_id, created_at) VALUES ('f8ba9b66-ddb8-442c-a3a8-3355b2c9ee74', 'db9c713b-df72-4dc2-b535-6ebfdc1cce45', 'demo-fan@test.com', '435b37fd-9d4d-43db-aba3-ae55427c1e41', '96eebac0-c60b-417e-9ea1-3b284e6757b2', 1, 0.2, 0.1, 0.1, 'pending', NULL, '2026-03-03T00:32:30.359811+00:00') ON CONFLICT DO NOTHING;
INSERT INTO public.stream_ledger (id, fan_id, fan_email, artist_id, track_id, credits_spent, amount_total, amount_artist, amount_platform, payout_status, payout_batch_id, created_at) VALUES ('517efb59-45ed-4b4a-a6f1-b478d44704e2', 'db9c713b-df72-4dc2-b535-6ebfdc1cce45', 'demo-fan@test.com', '435b37fd-9d4d-43db-aba3-ae55427c1e41', '96eebac0-c60b-417e-9ea1-3b284e6757b2', 1, 0.2, 0.1, 0.1, 'pending', NULL, '2026-03-03T00:35:20.822585+00:00') ON CONFLICT DO NOTHING;
INSERT INTO public.stream_ledger (id, fan_id, fan_email, artist_id, track_id, credits_spent, amount_total, amount_artist, amount_platform, payout_status, payout_batch_id, created_at) VALUES ('f01e0550-47df-470e-8561-11691e5ec86e', 'db9c713b-df72-4dc2-b535-6ebfdc1cce45', 'demo-fan@test.com', '435b37fd-9d4d-43db-aba3-ae55427c1e41', '0ab1e12f-a27b-4bd1-8a65-d9c5a163d521', 1, 0.2, 0.1, 0.1, 'pending', NULL, '2026-03-03T00:37:40.680547+00:00') ON CONFLICT DO NOTHING;
INSERT INTO public.stream_ledger (id, fan_id, fan_email, artist_id, track_id, credits_spent, amount_total, amount_artist, amount_platform, payout_status, payout_batch_id, created_at) VALUES ('3b2b2874-d7b0-4f99-bef7-6010ecb6f6d4', 'db9c713b-df72-4dc2-b535-6ebfdc1cce45', 'demo-fan@test.com', '435b37fd-9d4d-43db-aba3-ae55427c1e41', '96eebac0-c60b-417e-9ea1-3b284e6757b2', 1, 0.2, 0.1, 0.1, 'pending', NULL, '2026-03-03T00:39:29.59691+00:00') ON CONFLICT DO NOTHING;
INSERT INTO public.stream_ledger (id, fan_id, fan_email, artist_id, track_id, credits_spent, amount_total, amount_artist, amount_platform, payout_status, payout_batch_id, created_at) VALUES ('d532c0ec-3501-4abe-9287-c0f4409c8a92', 'db9c713b-df72-4dc2-b535-6ebfdc1cce45', 'demo-fan@test.com', '435b37fd-9d4d-43db-aba3-ae55427c1e41', '96eebac0-c60b-417e-9ea1-3b284e6757b2', 1, 0.2, 0.1, 0.1, 'pending', NULL, '2026-03-03T00:41:06.050497+00:00') ON CONFLICT DO NOTHING;
INSERT INTO public.stream_ledger (id, fan_id, fan_email, artist_id, track_id, credits_spent, amount_total, amount_artist, amount_platform, payout_status, payout_batch_id, created_at) VALUES ('0656ba65-4c5d-402d-8816-11146307fe58', 'db9c713b-df72-4dc2-b535-6ebfdc1cce45', 'demo-fan@test.com', '435b37fd-9d4d-43db-aba3-ae55427c1e41', '96eebac0-c60b-417e-9ea1-3b284e6757b2', 1, 0.2, 0.1, 0.1, 'pending', NULL, '2026-03-03T00:43:40.337616+00:00') ON CONFLICT DO NOTHING;
INSERT INTO public.stream_ledger (id, fan_id, fan_email, artist_id, track_id, credits_spent, amount_total, amount_artist, amount_platform, payout_status, payout_batch_id, created_at) VALUES ('6afaf360-9997-4f8e-b001-bd79d0184994', 'db9c713b-df72-4dc2-b535-6ebfdc1cce45', 'demo-fan@test.com', '435b37fd-9d4d-43db-aba3-ae55427c1e41', '96eebac0-c60b-417e-9ea1-3b284e6757b2', 1, 0.2, 0.1, 0.1, 'pending', NULL, '2026-03-03T00:54:47.962984+00:00') ON CONFLICT DO NOTHING;
INSERT INTO public.stream_ledger (id, fan_id, fan_email, artist_id, track_id, credits_spent, amount_total, amount_artist, amount_platform, payout_status, payout_batch_id, created_at) VALUES ('f328c37a-8524-4b8e-b077-1786a1438cc3', 'db9c713b-df72-4dc2-b535-6ebfdc1cce45', 'demo-fan@test.com', '435b37fd-9d4d-43db-aba3-ae55427c1e41', 'c4b41072-86d6-4093-8c45-496724294c63', 1, 0.2, 0.1, 0.1, 'pending', NULL, '2026-03-03T00:57:29.408411+00:00') ON CONFLICT DO NOTHING;
INSERT INTO public.stream_ledger (id, fan_id, fan_email, artist_id, track_id, credits_spent, amount_total, amount_artist, amount_platform, payout_status, payout_batch_id, created_at) VALUES ('69c43f82-58c5-4815-be67-355a61178f70', 'db9c713b-df72-4dc2-b535-6ebfdc1cce45', 'demo-fan@test.com', '435b37fd-9d4d-43db-aba3-ae55427c1e41', '0ab1e12f-a27b-4bd1-8a65-d9c5a163d521', 1, 0.2, 0.1, 0.1, 'pending', NULL, '2026-03-04T23:53:17.074556+00:00') ON CONFLICT DO NOTHING;
INSERT INTO public.stream_ledger (id, fan_id, fan_email, artist_id, track_id, credits_spent, amount_total, amount_artist, amount_platform, payout_status, payout_batch_id, created_at) VALUES ('1523c804-a6e5-4646-9dad-a32d26066264', 'db9c713b-df72-4dc2-b535-6ebfdc1cce45', 'demo-fan@test.com', '435b37fd-9d4d-43db-aba3-ae55427c1e41', '96eebac0-c60b-417e-9ea1-3b284e6757b2', 1, 0.2, 0.1, 0.1, 'pending', NULL, '2026-03-05T00:30:54.8512+00:00') ON CONFLICT DO NOTHING;
INSERT INTO public.stream_ledger (id, fan_id, fan_email, artist_id, track_id, credits_spent, amount_total, amount_artist, amount_platform, payout_status, payout_batch_id, created_at) VALUES ('3655fb3d-794a-4d1f-b635-242a35b22da1', 'db9c713b-df72-4dc2-b535-6ebfdc1cce45', 'demo-fan@test.com', '435b37fd-9d4d-43db-aba3-ae55427c1e41', '96eebac0-c60b-417e-9ea1-3b284e6757b2', 1, 0.2, 0.1, 0.1, 'pending', NULL, '2026-03-05T02:20:07.919199+00:00') ON CONFLICT DO NOTHING;
INSERT INTO public.stream_ledger (id, fan_id, fan_email, artist_id, track_id, credits_spent, amount_total, amount_artist, amount_platform, payout_status, payout_batch_id, created_at) VALUES ('81ed437f-5069-4417-9a4a-0303da6e5d69', 'db9c713b-df72-4dc2-b535-6ebfdc1cce45', 'demo-fan@test.com', '435b37fd-9d4d-43db-aba3-ae55427c1e41', '96eebac0-c60b-417e-9ea1-3b284e6757b2', 1, 0.2, 0.1, 0.1, 'pending', NULL, '2026-03-05T02:39:50.3152+00:00') ON CONFLICT DO NOTHING;
INSERT INTO public.stream_ledger (id, fan_id, fan_email, artist_id, track_id, credits_spent, amount_total, amount_artist, amount_platform, payout_status, payout_batch_id, created_at) VALUES ('4e8a3121-a2cc-4489-9022-b6f258b18c9d', 'db9c713b-df72-4dc2-b535-6ebfdc1cce45', 'demo-fan@test.com', '435b37fd-9d4d-43db-aba3-ae55427c1e41', '96eebac0-c60b-417e-9ea1-3b284e6757b2', 1, 0.2, 0.1, 0.1, 'pending', NULL, '2026-03-05T23:53:08.513828+00:00') ON CONFLICT DO NOTHING;
INSERT INTO public.stream_ledger (id, fan_id, fan_email, artist_id, track_id, credits_spent, amount_total, amount_artist, amount_platform, payout_status, payout_batch_id, created_at) VALUES ('c5af70ce-65bf-4a77-9064-89c8254f2644', 'db9c713b-df72-4dc2-b535-6ebfdc1cce45', 'demo-fan@test.com', 'b5ce51ad-acf4-4e2d-a378-083fb2c32be2', 'ea1bfbd0-beb3-48a5-940e-a0fbb2f3a142', 1, 0.2, 0.1, 0.1, 'pending', NULL, '2026-03-06T00:37:26.873897+00:00') ON CONFLICT DO NOTHING;
INSERT INTO public.stream_ledger (id, fan_id, fan_email, artist_id, track_id, credits_spent, amount_total, amount_artist, amount_platform, payout_status, payout_batch_id, created_at) VALUES ('ef18d487-c2d5-4af0-ac7b-afee257c8d92', 'db9c713b-df72-4dc2-b535-6ebfdc1cce45', 'demo-fan@test.com', 'b5ce51ad-acf4-4e2d-a378-083fb2c32be2', 'ea1bfbd0-beb3-48a5-940e-a0fbb2f3a142', 1, 0.2, 0.1, 0.1, 'pending', NULL, '2026-03-06T01:46:05.035161+00:00') ON CONFLICT DO NOTHING;
INSERT INTO public.stream_ledger (id, fan_id, fan_email, artist_id, track_id, credits_spent, amount_total, amount_artist, amount_platform, payout_status, payout_batch_id, created_at) VALUES ('16d7d5aa-0915-4f68-bbc7-cee93d5b5b16', 'db9c713b-df72-4dc2-b535-6ebfdc1cce45', 'demo-fan@test.com', 'b5ce51ad-acf4-4e2d-a378-083fb2c32be2', 'ea1bfbd0-beb3-48a5-940e-a0fbb2f3a142', 1, 0.2, 0.1, 0.1, 'pending', NULL, '2026-03-06T01:46:15.892472+00:00') ON CONFLICT DO NOTHING;
INSERT INTO public.stream_ledger (id, fan_id, fan_email, artist_id, track_id, credits_spent, amount_total, amount_artist, amount_platform, payout_status, payout_batch_id, created_at) VALUES ('d9b08320-aa0b-4d12-a25c-e407cfaed3a9', 'db9c713b-df72-4dc2-b535-6ebfdc1cce45', 'demo-fan@test.com', '435b37fd-9d4d-43db-aba3-ae55427c1e41', '0ab1e12f-a27b-4bd1-8a65-d9c5a163d521', 1, 0.2, 0.1, 0.1, 'pending', NULL, '2026-03-10T20:26:08.587302+00:00') ON CONFLICT DO NOTHING;
INSERT INTO public.stream_ledger (id, fan_id, fan_email, artist_id, track_id, credits_spent, amount_total, amount_artist, amount_platform, payout_status, payout_batch_id, created_at) VALUES ('fc384694-89e5-42ee-ba63-f572cfd13fbb', 'db9c713b-df72-4dc2-b535-6ebfdc1cce45', 'demo-fan@test.com', '435b37fd-9d4d-43db-aba3-ae55427c1e41', '0ab1e12f-a27b-4bd1-8a65-d9c5a163d521', 1, 0.2, 0.1, 0.1, 'pending', NULL, '2026-03-10T20:31:55.216387+00:00') ON CONFLICT DO NOTHING;
INSERT INTO public.stream_ledger (id, fan_id, fan_email, artist_id, track_id, credits_spent, amount_total, amount_artist, amount_platform, payout_status, payout_batch_id, created_at) VALUES ('cd5f7f1e-ea81-4b49-a678-a08d67cfcc51', 'db9c713b-df72-4dc2-b535-6ebfdc1cce45', 'demo-fan@test.com', '435b37fd-9d4d-43db-aba3-ae55427c1e41', 'c4b41072-86d6-4093-8c45-496724294c63', 1, 0.2, 0.1, 0.1, 'pending', NULL, '2026-03-10T20:37:07.857046+00:00') ON CONFLICT DO NOTHING;
INSERT INTO public.stream_ledger (id, fan_id, fan_email, artist_id, track_id, credits_spent, amount_total, amount_artist, amount_platform, payout_status, payout_batch_id, created_at) VALUES ('8728d1a5-05be-4431-9ec7-b0e0f0bc25f3', 'db9c713b-df72-4dc2-b535-6ebfdc1cce45', 'demo-fan@test.com', '435b37fd-9d4d-43db-aba3-ae55427c1e41', '0ab1e12f-a27b-4bd1-8a65-d9c5a163d521', 1, 0.2, 0.1, 0.1, 'pending', NULL, '2026-03-10T20:40:19.467206+00:00') ON CONFLICT DO NOTHING;
INSERT INTO public.stream_ledger (id, fan_id, fan_email, artist_id, track_id, credits_spent, amount_total, amount_artist, amount_platform, payout_status, payout_batch_id, created_at) VALUES ('56f3d7d9-3ee6-474b-8de8-d77cf22e2e32', 'db9c713b-df72-4dc2-b535-6ebfdc1cce45', 'demo-fan@test.com', '435b37fd-9d4d-43db-aba3-ae55427c1e41', '96eebac0-c60b-417e-9ea1-3b284e6757b2', 1, 0.2, 0.1, 0.1, 'pending', NULL, '2026-03-10T22:03:44.799296+00:00') ON CONFLICT DO NOTHING;
INSERT INTO public.stream_ledger (id, fan_id, fan_email, artist_id, track_id, credits_spent, amount_total, amount_artist, amount_platform, payout_status, payout_batch_id, created_at) VALUES ('34d3330c-de49-4239-8cda-8a6831b487f8', 'db9c713b-df72-4dc2-b535-6ebfdc1cce45', 'demo-fan@test.com', '435b37fd-9d4d-43db-aba3-ae55427c1e41', '96eebac0-c60b-417e-9ea1-3b284e6757b2', 1, 0.2, 0.1, 0.1, 'pending', NULL, '2026-03-10T22:18:56.496964+00:00') ON CONFLICT DO NOTHING;

-- credit_ledger (148 rows)
INSERT INTO public.credit_ledger (id, user_email, type, credits_delta, usd_delta, reference, created_at, payout_batch_id) VALUES ('ef7d23b9-3f36-494a-89c7-7e2d178b0cb5', 'platform@musicexclusive.com', 'PLATFORM_EARNING', 0, 0.1, 'stream_2887e61c-ec09-4b9f-b01b-b10f5461419b_c5a70a13-305a-4a79-9a20-e9db92124519', '2026-02-27T18:44:02.692067+00:00', NULL) ON CONFLICT (reference, type, user_email) DO NOTHING;
INSERT INTO public.credit_ledger (id, user_email, type, credits_delta, usd_delta, reference, created_at, payout_batch_id) VALUES ('64355638-850b-4dd4-81f2-9c809c7070c3', 'demo-fan@test.com', 'STREAM_DEBIT', -1, -0.2, 'stream_2887e61c-ec09-4b9f-b01b-b10f5461419b_c5a70a13-305a-4a79-9a20-e9db92124519', '2026-02-27T18:44:02.692067+00:00', NULL) ON CONFLICT (reference, type, user_email) DO NOTHING;
INSERT INTO public.credit_ledger (id, user_email, type, credits_delta, usd_delta, reference, created_at, payout_batch_id) VALUES ('2e50727b-c693-4d36-9646-e5dc1b141eaf', 'platform@musicexclusive.com', 'PLATFORM_EARNING', 0, 0.1, 'stream_2887e61c-ec09-4b9f-b01b-b10f5461419b_62864d18-f354-4dda-b98e-56ee80c0b312', '2026-02-27T19:31:45.846797+00:00', NULL) ON CONFLICT (reference, type, user_email) DO NOTHING;
INSERT INTO public.credit_ledger (id, user_email, type, credits_delta, usd_delta, reference, created_at, payout_batch_id) VALUES ('ddc8e152-7380-42ba-a0e5-f0d834987e17', 'demo-fan@test.com', 'STREAM_DEBIT', -1, -0.2, 'stream_2887e61c-ec09-4b9f-b01b-b10f5461419b_62864d18-f354-4dda-b98e-56ee80c0b312', '2026-02-27T19:31:45.846797+00:00', NULL) ON CONFLICT (reference, type, user_email) DO NOTHING;
INSERT INTO public.credit_ledger (id, user_email, type, credits_delta, usd_delta, reference, created_at, payout_batch_id) VALUES ('4cc5c384-76c9-4f3b-9007-ef678e0398ed', 'platform@musicexclusive.com', 'PLATFORM_EARNING', 0, 0.1, 'stream_702807e0-278f-466c-8f04-423c84a1112e_673ce5e9-cf69-45e6-98ef-0c014fc3832a', '2026-02-27T19:33:21.391316+00:00', NULL) ON CONFLICT (reference, type, user_email) DO NOTHING;
INSERT INTO public.credit_ledger (id, user_email, type, credits_delta, usd_delta, reference, created_at, payout_batch_id) VALUES ('a0da6c8a-f1ca-40e4-9658-03cae4302970', 'demo-fan@test.com', 'STREAM_DEBIT', -1, -0.2, 'stream_702807e0-278f-466c-8f04-423c84a1112e_673ce5e9-cf69-45e6-98ef-0c014fc3832a', '2026-02-27T19:33:21.391316+00:00', NULL) ON CONFLICT (reference, type, user_email) DO NOTHING;
INSERT INTO public.credit_ledger (id, user_email, type, credits_delta, usd_delta, reference, created_at, payout_batch_id) VALUES ('d3645422-641d-4551-8cf5-c5802fee8f90', 'platform@musicexclusive.com', 'PLATFORM_EARNING', 0, 0.1, 'stream_702807e0-278f-466c-8f04-423c84a1112e_4ec2e8a0-7c4c-4ddf-9e25-2b3657deede0', '2026-02-27T19:34:45.770667+00:00', NULL) ON CONFLICT (reference, type, user_email) DO NOTHING;
INSERT INTO public.credit_ledger (id, user_email, type, credits_delta, usd_delta, reference, created_at, payout_batch_id) VALUES ('5a5964e5-0344-413d-8b98-a629b015a6e4', 'demo-fan@test.com', 'STREAM_DEBIT', -1, -0.2, 'stream_702807e0-278f-466c-8f04-423c84a1112e_4ec2e8a0-7c4c-4ddf-9e25-2b3657deede0', '2026-02-27T19:34:45.770667+00:00', NULL) ON CONFLICT (reference, type, user_email) DO NOTHING;
INSERT INTO public.credit_ledger (id, user_email, type, credits_delta, usd_delta, reference, created_at, payout_batch_id) VALUES ('204aefb8-d112-46cf-829b-618644bd1e2f', 'platform@musicexclusive.com', 'PLATFORM_EARNING', 0, 0.1, 'stream_702807e0-278f-466c-8f04-423c84a1112e_24b7e822-b9dc-4cb9-a0c8-20909808f7f5', '2026-02-27T19:37:36.42802+00:00', NULL) ON CONFLICT (reference, type, user_email) DO NOTHING;
INSERT INTO public.credit_ledger (id, user_email, type, credits_delta, usd_delta, reference, created_at, payout_batch_id) VALUES ('27791c3f-26b5-4a26-96d8-f74f77e9f94b', 'demo-fan@test.com', 'STREAM_DEBIT', -1, -0.2, 'stream_702807e0-278f-466c-8f04-423c84a1112e_24b7e822-b9dc-4cb9-a0c8-20909808f7f5', '2026-02-27T19:37:36.42802+00:00', NULL) ON CONFLICT (reference, type, user_email) DO NOTHING;
INSERT INTO public.credit_ledger (id, user_email, type, credits_delta, usd_delta, reference, created_at, payout_batch_id) VALUES ('2fe34229-68d5-4539-a2d5-090bf2591662', 'platform@musicexclusive.com', 'PLATFORM_EARNING', 0, 0.1, 'stream_2887e61c-ec09-4b9f-b01b-b10f5461419b_3735edb7-04b7-40e3-9af5-12afa993f7d1', '2026-02-27T19:48:16.333589+00:00', NULL) ON CONFLICT (reference, type, user_email) DO NOTHING;
INSERT INTO public.credit_ledger (id, user_email, type, credits_delta, usd_delta, reference, created_at, payout_batch_id) VALUES ('7afcb94f-69bb-43ab-916e-830a824dc172', 'demo-fan@test.com', 'STREAM_DEBIT', -1, -0.2, 'stream_2887e61c-ec09-4b9f-b01b-b10f5461419b_3735edb7-04b7-40e3-9af5-12afa993f7d1', '2026-02-27T19:48:16.333589+00:00', NULL) ON CONFLICT (reference, type, user_email) DO NOTHING;
INSERT INTO public.credit_ledger (id, user_email, type, credits_delta, usd_delta, reference, created_at, payout_batch_id) VALUES ('9eb40ac8-32a5-4004-ab83-2285e1ef1573', 'platform@musicexclusive.com', 'PLATFORM_EARNING', 0, 0.1, 'stream_702807e0-278f-466c-8f04-423c84a1112e_2bde26f7-f69e-487d-9546-1f5f9d9eb108', '2026-02-27T22:54:01.087329+00:00', NULL) ON CONFLICT (reference, type, user_email) DO NOTHING;
INSERT INTO public.credit_ledger (id, user_email, type, credits_delta, usd_delta, reference, created_at, payout_batch_id) VALUES ('3fdf5450-4a4a-4f1b-8b64-20361884de1c', '435b37fd-9d4d-43db-aba3-ae55427c1e41', 'ARTIST_EARNING', 0, 0.1, 'stream_702807e0-278f-466c-8f04-423c84a1112e_2bde26f7-f69e-487d-9546-1f5f9d9eb108', '2026-02-27T22:54:01.087329+00:00', NULL) ON CONFLICT (reference, type, user_email) DO NOTHING;
INSERT INTO public.credit_ledger (id, user_email, type, credits_delta, usd_delta, reference, created_at, payout_batch_id) VALUES ('ce2f58c5-1132-4588-9fe8-faa58f04e311', 'demo-fan@test.com', 'STREAM_DEBIT', -1, -0.2, 'stream_702807e0-278f-466c-8f04-423c84a1112e_2bde26f7-f69e-487d-9546-1f5f9d9eb108', '2026-02-27T22:54:01.087329+00:00', NULL) ON CONFLICT (reference, type, user_email) DO NOTHING;
INSERT INTO public.credit_ledger (id, user_email, type, credits_delta, usd_delta, reference, created_at, payout_batch_id) VALUES ('ffb05145-11dd-4464-9ccf-3aa80f1c72ba', 'platform@musicexclusive.com', 'PLATFORM_EARNING', 0, 0.1, 'stream_702807e0-278f-466c-8f04-423c84a1112e_47f603ce-a74d-4cf4-a2e8-52847447ffa7', '2026-02-27T22:57:30.989261+00:00', NULL) ON CONFLICT (reference, type, user_email) DO NOTHING;
INSERT INTO public.credit_ledger (id, user_email, type, credits_delta, usd_delta, reference, created_at, payout_batch_id) VALUES ('23ce4de4-c925-4f70-af2a-62ffe26c73e7', '435b37fd-9d4d-43db-aba3-ae55427c1e41', 'ARTIST_EARNING', 0, 0.1, 'stream_702807e0-278f-466c-8f04-423c84a1112e_47f603ce-a74d-4cf4-a2e8-52847447ffa7', '2026-02-27T22:57:30.989261+00:00', NULL) ON CONFLICT (reference, type, user_email) DO NOTHING;
INSERT INTO public.credit_ledger (id, user_email, type, credits_delta, usd_delta, reference, created_at, payout_batch_id) VALUES ('761055ee-fc02-458f-b7b8-c579d0161061', 'demo-fan@test.com', 'STREAM_DEBIT', -1, -0.2, 'stream_702807e0-278f-466c-8f04-423c84a1112e_47f603ce-a74d-4cf4-a2e8-52847447ffa7', '2026-02-27T22:57:30.989261+00:00', NULL) ON CONFLICT (reference, type, user_email) DO NOTHING;
INSERT INTO public.credit_ledger (id, user_email, type, credits_delta, usd_delta, reference, created_at, payout_batch_id) VALUES ('df0780d5-cd45-4dc8-9262-2af0e6f9c51d', 'platform@musicexclusive.com', 'PLATFORM_EARNING', 0, 0.1, 'stream_702807e0-278f-466c-8f04-423c84a1112e_1e62b028-01a3-42ff-8de5-6f6d0a239d12', '2026-02-27T23:08:54.99476+00:00', NULL) ON CONFLICT (reference, type, user_email) DO NOTHING;
INSERT INTO public.credit_ledger (id, user_email, type, credits_delta, usd_delta, reference, created_at, payout_batch_id) VALUES ('b2c1d2ff-d0e7-46f5-844f-5dafb0b5f25c', '435b37fd-9d4d-43db-aba3-ae55427c1e41', 'ARTIST_EARNING', 0, 0.1, 'stream_702807e0-278f-466c-8f04-423c84a1112e_1e62b028-01a3-42ff-8de5-6f6d0a239d12', '2026-02-27T23:08:54.99476+00:00', NULL) ON CONFLICT (reference, type, user_email) DO NOTHING;
INSERT INTO public.credit_ledger (id, user_email, type, credits_delta, usd_delta, reference, created_at, payout_batch_id) VALUES ('3738d1ab-1b21-4c87-b0c1-3d99544d174d', 'demo-fan@test.com', 'STREAM_DEBIT', -1, -0.2, 'stream_702807e0-278f-466c-8f04-423c84a1112e_1e62b028-01a3-42ff-8de5-6f6d0a239d12', '2026-02-27T23:08:54.99476+00:00', NULL) ON CONFLICT (reference, type, user_email) DO NOTHING;
INSERT INTO public.credit_ledger (id, user_email, type, credits_delta, usd_delta, reference, created_at, payout_batch_id) VALUES ('08396eec-0b59-4571-be14-04f29bd3973d', 'platform@musicexclusive.com', 'PLATFORM_EARNING', 0, 0.1, 'stream_702807e0-278f-466c-8f04-423c84a1112e_a0335cc2-5f55-42cc-8712-e3e817d5b2f9', '2026-02-27T23:22:25.826482+00:00', NULL) ON CONFLICT (reference, type, user_email) DO NOTHING;
INSERT INTO public.credit_ledger (id, user_email, type, credits_delta, usd_delta, reference, created_at, payout_batch_id) VALUES ('cc9d5b14-3c54-436c-9ed0-3b902cd608c4', '435b37fd-9d4d-43db-aba3-ae55427c1e41', 'ARTIST_EARNING', 0, 0.1, 'stream_702807e0-278f-466c-8f04-423c84a1112e_a0335cc2-5f55-42cc-8712-e3e817d5b2f9', '2026-02-27T23:22:25.826482+00:00', NULL) ON CONFLICT (reference, type, user_email) DO NOTHING;
INSERT INTO public.credit_ledger (id, user_email, type, credits_delta, usd_delta, reference, created_at, payout_batch_id) VALUES ('5e3e5694-a2ad-4f90-abec-fa87ebecbb77', 'demo-fan@test.com', 'STREAM_DEBIT', -1, -0.2, 'stream_702807e0-278f-466c-8f04-423c84a1112e_a0335cc2-5f55-42cc-8712-e3e817d5b2f9', '2026-02-27T23:22:25.826482+00:00', NULL) ON CONFLICT (reference, type, user_email) DO NOTHING;
INSERT INTO public.credit_ledger (id, user_email, type, credits_delta, usd_delta, reference, created_at, payout_batch_id) VALUES ('f8ad02ab-e292-4802-b294-16088f3844a9', 'platform@musicexclusive.com', 'PLATFORM_EARNING', 0, 0.1, 'stream_702807e0-278f-466c-8f04-423c84a1112e_62359c18-46da-49c0-89f5-9954bd07d798', '2026-02-27T23:37:33.82152+00:00', NULL) ON CONFLICT (reference, type, user_email) DO NOTHING;
INSERT INTO public.credit_ledger (id, user_email, type, credits_delta, usd_delta, reference, created_at, payout_batch_id) VALUES ('f9856117-a4f6-41b6-ad62-d8d8dc558680', '435b37fd-9d4d-43db-aba3-ae55427c1e41', 'ARTIST_EARNING', 0, 0.1, 'stream_702807e0-278f-466c-8f04-423c84a1112e_62359c18-46da-49c0-89f5-9954bd07d798', '2026-02-27T23:37:33.82152+00:00', NULL) ON CONFLICT (reference, type, user_email) DO NOTHING;
INSERT INTO public.credit_ledger (id, user_email, type, credits_delta, usd_delta, reference, created_at, payout_batch_id) VALUES ('bcbf33c9-b101-40f8-b5b1-a30f49a35749', 'demo-fan@test.com', 'STREAM_DEBIT', -1, -0.2, 'stream_702807e0-278f-466c-8f04-423c84a1112e_62359c18-46da-49c0-89f5-9954bd07d798', '2026-02-27T23:37:33.82152+00:00', NULL) ON CONFLICT (reference, type, user_email) DO NOTHING;
INSERT INTO public.credit_ledger (id, user_email, type, credits_delta, usd_delta, reference, created_at, payout_batch_id) VALUES ('69d36bc6-2512-437b-b918-d153cd343a07', 'demo-fan@test.com', 'CREDITS_PURCHASE', 25, 5, 'pi_3T5dLFKICFkRzPC419hysjVr', '2026-02-28T02:33:25.707044+00:00', NULL) ON CONFLICT (reference, type, user_email) DO NOTHING;
INSERT INTO public.credit_ledger (id, user_email, type, credits_delta, usd_delta, reference, created_at, payout_batch_id) VALUES ('5d004a62-9d8b-4611-8f4b-3554d7cc9dd4', 'platform@musicexclusive.com', 'PLATFORM_EARNING', 0, 0.1, 'stream_702807e0-278f-466c-8f04-423c84a1112e_fad8ff64-4abf-4dea-bc26-5229c8060fe4', '2026-02-28T02:35:47.062748+00:00', NULL) ON CONFLICT (reference, type, user_email) DO NOTHING;
INSERT INTO public.credit_ledger (id, user_email, type, credits_delta, usd_delta, reference, created_at, payout_batch_id) VALUES ('278099af-a9ee-43f1-b626-a7b476e88b4f', '435b37fd-9d4d-43db-aba3-ae55427c1e41', 'ARTIST_EARNING', 0, 0.1, 'stream_702807e0-278f-466c-8f04-423c84a1112e_fad8ff64-4abf-4dea-bc26-5229c8060fe4', '2026-02-28T02:35:47.062748+00:00', NULL) ON CONFLICT (reference, type, user_email) DO NOTHING;
INSERT INTO public.credit_ledger (id, user_email, type, credits_delta, usd_delta, reference, created_at, payout_batch_id) VALUES ('0d5467a9-49bc-40b5-987a-73ba25580570', 'demo-fan@test.com', 'STREAM_DEBIT', -1, -0.2, 'stream_702807e0-278f-466c-8f04-423c84a1112e_fad8ff64-4abf-4dea-bc26-5229c8060fe4', '2026-02-28T02:35:47.062748+00:00', NULL) ON CONFLICT (reference, type, user_email) DO NOTHING;
INSERT INTO public.credit_ledger (id, user_email, type, credits_delta, usd_delta, reference, created_at, payout_batch_id) VALUES ('6957df75-bb12-49fb-b06b-8375a98729ca', 'support@musicexclusive.co', 'PLATFORM_EARNING', 0, 0.1, 'stream_2887e61c-ec09-4b9f-b01b-b10f5461419b_test-validate-20260228-001', '2026-02-28T03:54:26.54453+00:00', NULL) ON CONFLICT (reference, type, user_email) DO NOTHING;
INSERT INTO public.credit_ledger (id, user_email, type, credits_delta, usd_delta, reference, created_at, payout_batch_id) VALUES ('b80c4a09-67f7-4a79-8c0c-24d99f129c0d', 'b5ce51ad-acf4-4e2d-a378-083fb2c32be2', 'ARTIST_EARNING', 0, 0.1, 'stream_2887e61c-ec09-4b9f-b01b-b10f5461419b_test-validate-20260228-001', '2026-02-28T03:54:26.54453+00:00', NULL) ON CONFLICT (reference, type, user_email) DO NOTHING;
INSERT INTO public.credit_ledger (id, user_email, type, credits_delta, usd_delta, reference, created_at, payout_batch_id) VALUES ('81c82f91-8eaf-4920-800d-9a5f297f6c26', 'demo-fan@test.com', 'STREAM_DEBIT', -1, -0.2, 'stream_2887e61c-ec09-4b9f-b01b-b10f5461419b_test-validate-20260228-001', '2026-02-28T03:54:26.54453+00:00', NULL) ON CONFLICT (reference, type, user_email) DO NOTHING;
INSERT INTO public.credit_ledger (id, user_email, type, credits_delta, usd_delta, reference, created_at, payout_batch_id) VALUES ('3a03ba80-ea67-4315-9c17-71b8ddd133f0', 'support@musicexclusive.co', 'PLATFORM_EARNING', 0, 0.1, 'stream_702807e0-278f-466c-8f04-423c84a1112e_634231b2-9a71-458f-9d79-8b2e33f217f1', '2026-02-28T04:58:45.608475+00:00', NULL) ON CONFLICT (reference, type, user_email) DO NOTHING;
INSERT INTO public.credit_ledger (id, user_email, type, credits_delta, usd_delta, reference, created_at, payout_batch_id) VALUES ('e60f2ffc-6bf5-4478-920d-0b1c2595d537', '435b37fd-9d4d-43db-aba3-ae55427c1e41', 'ARTIST_EARNING', 0, 0.1, 'stream_702807e0-278f-466c-8f04-423c84a1112e_634231b2-9a71-458f-9d79-8b2e33f217f1', '2026-02-28T04:58:45.608475+00:00', NULL) ON CONFLICT (reference, type, user_email) DO NOTHING;
INSERT INTO public.credit_ledger (id, user_email, type, credits_delta, usd_delta, reference, created_at, payout_batch_id) VALUES ('b7cca593-aa42-4eaf-a2c5-b62ba239398e', 'demo-fan@test.com', 'STREAM_DEBIT', -1, -0.2, 'stream_702807e0-278f-466c-8f04-423c84a1112e_634231b2-9a71-458f-9d79-8b2e33f217f1', '2026-02-28T04:58:45.608475+00:00', NULL) ON CONFLICT (reference, type, user_email) DO NOTHING;
INSERT INTO public.credit_ledger (id, user_email, type, credits_delta, usd_delta, reference, created_at, payout_batch_id) VALUES ('750dace6-f52b-4198-a4c3-169f9f0a84bb', 'support@musicexclusive.co', 'PLATFORM_EARNING', 0, 0.1, 'stream_702807e0-278f-466c-8f04-423c84a1112e_9fcc2919-7f97-491a-8be3-c49e241cbd14', '2026-02-28T05:35:41.555255+00:00', NULL) ON CONFLICT (reference, type, user_email) DO NOTHING;
INSERT INTO public.credit_ledger (id, user_email, type, credits_delta, usd_delta, reference, created_at, payout_batch_id) VALUES ('3266aa1e-e432-4776-b4ef-ba10b9f75503', '435b37fd-9d4d-43db-aba3-ae55427c1e41', 'ARTIST_EARNING', 0, 0.1, 'stream_702807e0-278f-466c-8f04-423c84a1112e_9fcc2919-7f97-491a-8be3-c49e241cbd14', '2026-02-28T05:35:41.555255+00:00', NULL) ON CONFLICT (reference, type, user_email) DO NOTHING;
INSERT INTO public.credit_ledger (id, user_email, type, credits_delta, usd_delta, reference, created_at, payout_batch_id) VALUES ('e0941c35-f964-4ac3-bfc1-86197af492cf', 'demo-fan@test.com', 'STREAM_DEBIT', -1, -0.2, 'stream_702807e0-278f-466c-8f04-423c84a1112e_9fcc2919-7f97-491a-8be3-c49e241cbd14', '2026-02-28T05:35:41.555255+00:00', NULL) ON CONFLICT (reference, type, user_email) DO NOTHING;
INSERT INTO public.credit_ledger (id, user_email, type, credits_delta, usd_delta, reference, created_at, payout_batch_id) VALUES ('e05ee13d-676d-4dfc-abc8-0d0cf6cc4661', 'support@musicexclusive.co', 'PLATFORM_EARNING', 0, 0.1, 'stream_702807e0-278f-466c-8f04-423c84a1112e_d394444f-0e4f-4217-9c01-5d2287a69ee5', '2026-02-28T05:46:33.206442+00:00', NULL) ON CONFLICT (reference, type, user_email) DO NOTHING;
INSERT INTO public.credit_ledger (id, user_email, type, credits_delta, usd_delta, reference, created_at, payout_batch_id) VALUES ('bfa6693f-be26-4784-a0fb-e145cfd4a30e', '435b37fd-9d4d-43db-aba3-ae55427c1e41', 'ARTIST_EARNING', 0, 0.1, 'stream_702807e0-278f-466c-8f04-423c84a1112e_d394444f-0e4f-4217-9c01-5d2287a69ee5', '2026-02-28T05:46:33.206442+00:00', NULL) ON CONFLICT (reference, type, user_email) DO NOTHING;
INSERT INTO public.credit_ledger (id, user_email, type, credits_delta, usd_delta, reference, created_at, payout_batch_id) VALUES ('d9cf9e22-6b91-4527-8782-33af5efb01cc', 'demo-fan@test.com', 'STREAM_DEBIT', -1, -0.2, 'stream_702807e0-278f-466c-8f04-423c84a1112e_d394444f-0e4f-4217-9c01-5d2287a69ee5', '2026-02-28T05:46:33.206442+00:00', NULL) ON CONFLICT (reference, type, user_email) DO NOTHING;
INSERT INTO public.credit_ledger (id, user_email, type, credits_delta, usd_delta, reference, created_at, payout_batch_id) VALUES ('3f54e042-0986-48a5-9878-a3c680d4fcd0', 'support@musicexclusive.co', 'PLATFORM_EARNING', 0, 0.1, 'stream_702807e0-278f-466c-8f04-423c84a1112e_fb9fb0b4-65ac-4eb5-8d60-48b9d4bfe2d7', '2026-02-28T07:44:27.670928+00:00', NULL) ON CONFLICT (reference, type, user_email) DO NOTHING;
INSERT INTO public.credit_ledger (id, user_email, type, credits_delta, usd_delta, reference, created_at, payout_batch_id) VALUES ('33dbd446-faa6-441f-8915-299191f4a31d', '435b37fd-9d4d-43db-aba3-ae55427c1e41', 'ARTIST_EARNING', 0, 0.1, 'stream_702807e0-278f-466c-8f04-423c84a1112e_fb9fb0b4-65ac-4eb5-8d60-48b9d4bfe2d7', '2026-02-28T07:44:27.670928+00:00', NULL) ON CONFLICT (reference, type, user_email) DO NOTHING;
INSERT INTO public.credit_ledger (id, user_email, type, credits_delta, usd_delta, reference, created_at, payout_batch_id) VALUES ('f8f303ce-f105-418a-b11e-b3b67919f771', 'demo-fan@test.com', 'STREAM_DEBIT', -1, -0.2, 'stream_702807e0-278f-466c-8f04-423c84a1112e_fb9fb0b4-65ac-4eb5-8d60-48b9d4bfe2d7', '2026-02-28T07:44:27.670928+00:00', NULL) ON CONFLICT (reference, type, user_email) DO NOTHING;
INSERT INTO public.credit_ledger (id, user_email, type, credits_delta, usd_delta, reference, created_at, payout_batch_id) VALUES ('ca607da8-0117-4d45-9cfa-eecf5bfc0805', 'support@musicexclusive.co', 'PLATFORM_EARNING', 0, 0.1, 'stream_702807e0-278f-466c-8f04-423c84a1112e_8b024f6d-481a-4c94-bf3e-2ad8c337f0bf', '2026-02-28T17:06:44.257454+00:00', NULL) ON CONFLICT (reference, type, user_email) DO NOTHING;
INSERT INTO public.credit_ledger (id, user_email, type, credits_delta, usd_delta, reference, created_at, payout_batch_id) VALUES ('dd641bde-1ca8-42f3-81fc-dc2e9ac1a9a2', '435b37fd-9d4d-43db-aba3-ae55427c1e41', 'ARTIST_EARNING', 0, 0.1, 'stream_702807e0-278f-466c-8f04-423c84a1112e_8b024f6d-481a-4c94-bf3e-2ad8c337f0bf', '2026-02-28T17:06:44.257454+00:00', NULL) ON CONFLICT (reference, type, user_email) DO NOTHING;
INSERT INTO public.credit_ledger (id, user_email, type, credits_delta, usd_delta, reference, created_at, payout_batch_id) VALUES ('87dfbef4-7b1b-4bc8-83f5-c6f8c73968de', 'demo-fan@test.com', 'STREAM_DEBIT', -1, -0.2, 'stream_702807e0-278f-466c-8f04-423c84a1112e_8b024f6d-481a-4c94-bf3e-2ad8c337f0bf', '2026-02-28T17:06:44.257454+00:00', NULL) ON CONFLICT (reference, type, user_email) DO NOTHING;
INSERT INTO public.credit_ledger (id, user_email, type, credits_delta, usd_delta, reference, created_at, payout_batch_id) VALUES ('52cc43bd-9fd9-4319-b867-49433f1b7b3c', 'support@musicexclusive.co', 'PLATFORM_EARNING', 0, 0.1, 'stream_96eebac0-c60b-417e-9ea1-3b284e6757b2_1417fed4-31e2-4c1d-b5aa-d9ed4dd6e3a1', '2026-03-02T23:30:43.290976+00:00', NULL) ON CONFLICT (reference, type, user_email) DO NOTHING;
INSERT INTO public.credit_ledger (id, user_email, type, credits_delta, usd_delta, reference, created_at, payout_batch_id) VALUES ('a6da3f70-0e7a-48f1-8caf-d22fcd668137', '435b37fd-9d4d-43db-aba3-ae55427c1e41', 'ARTIST_EARNING', 0, 0.1, 'stream_96eebac0-c60b-417e-9ea1-3b284e6757b2_1417fed4-31e2-4c1d-b5aa-d9ed4dd6e3a1', '2026-03-02T23:30:43.290976+00:00', NULL) ON CONFLICT (reference, type, user_email) DO NOTHING;
INSERT INTO public.credit_ledger (id, user_email, type, credits_delta, usd_delta, reference, created_at, payout_batch_id) VALUES ('475a70e5-8e7e-46dd-99db-e5835855731c', 'demo-fan@test.com', 'STREAM_DEBIT', -1, -0.2, 'stream_96eebac0-c60b-417e-9ea1-3b284e6757b2_1417fed4-31e2-4c1d-b5aa-d9ed4dd6e3a1', '2026-03-02T23:30:43.290976+00:00', NULL) ON CONFLICT (reference, type, user_email) DO NOTHING;
INSERT INTO public.credit_ledger (id, user_email, type, credits_delta, usd_delta, reference, created_at, payout_batch_id) VALUES ('ff19e8e2-272b-45c5-a7d3-b6c887653f3b', 'support@musicexclusive.co', 'PLATFORM_EARNING', 0, 0.1, 'stream_96eebac0-c60b-417e-9ea1-3b284e6757b2_08eaab60-318c-47bf-8073-daecbea6c553', '2026-03-03T00:04:58.467677+00:00', NULL) ON CONFLICT (reference, type, user_email) DO NOTHING;
INSERT INTO public.credit_ledger (id, user_email, type, credits_delta, usd_delta, reference, created_at, payout_batch_id) VALUES ('b5cf7f92-d280-4a4d-aa9a-fd20b4d7dfbe', '435b37fd-9d4d-43db-aba3-ae55427c1e41', 'ARTIST_EARNING', 0, 0.1, 'stream_96eebac0-c60b-417e-9ea1-3b284e6757b2_08eaab60-318c-47bf-8073-daecbea6c553', '2026-03-03T00:04:58.467677+00:00', NULL) ON CONFLICT (reference, type, user_email) DO NOTHING;
INSERT INTO public.credit_ledger (id, user_email, type, credits_delta, usd_delta, reference, created_at, payout_batch_id) VALUES ('8c9c6759-8407-4e17-b782-73425a84631b', 'demo-fan@test.com', 'STREAM_DEBIT', -1, -0.2, 'stream_96eebac0-c60b-417e-9ea1-3b284e6757b2_08eaab60-318c-47bf-8073-daecbea6c553', '2026-03-03T00:04:58.467677+00:00', NULL) ON CONFLICT (reference, type, user_email) DO NOTHING;
INSERT INTO public.credit_ledger (id, user_email, type, credits_delta, usd_delta, reference, created_at, payout_batch_id) VALUES ('39db76e5-71d1-4a32-9d9a-8bc37294af37', 'support@musicexclusive.co', 'PLATFORM_EARNING', 0, 0.1, 'stream_96eebac0-c60b-417e-9ea1-3b284e6757b2_aa0f5081-d1c7-43a7-a15c-37f43dc0faae', '2026-03-03T00:05:18.684527+00:00', NULL) ON CONFLICT (reference, type, user_email) DO NOTHING;
INSERT INTO public.credit_ledger (id, user_email, type, credits_delta, usd_delta, reference, created_at, payout_batch_id) VALUES ('3e92cc43-6c8c-46f5-88b8-6d3e2f602071', '435b37fd-9d4d-43db-aba3-ae55427c1e41', 'ARTIST_EARNING', 0, 0.1, 'stream_96eebac0-c60b-417e-9ea1-3b284e6757b2_aa0f5081-d1c7-43a7-a15c-37f43dc0faae', '2026-03-03T00:05:18.684527+00:00', NULL) ON CONFLICT (reference, type, user_email) DO NOTHING;
INSERT INTO public.credit_ledger (id, user_email, type, credits_delta, usd_delta, reference, created_at, payout_batch_id) VALUES ('a378d05a-f1c6-4c22-9a68-c318fee91d35', 'demo-fan@test.com', 'STREAM_DEBIT', -1, -0.2, 'stream_96eebac0-c60b-417e-9ea1-3b284e6757b2_aa0f5081-d1c7-43a7-a15c-37f43dc0faae', '2026-03-03T00:05:18.684527+00:00', NULL) ON CONFLICT (reference, type, user_email) DO NOTHING;
INSERT INTO public.credit_ledger (id, user_email, type, credits_delta, usd_delta, reference, created_at, payout_batch_id) VALUES ('d5f10629-7eef-48af-9cf9-066486eb8e66', 'support@musicexclusive.co', 'PLATFORM_EARNING', 0, 0.1, 'stream_96eebac0-c60b-417e-9ea1-3b284e6757b2_3f3b2017-dc06-4bec-b965-2aca4fa519b0', '2026-03-03T00:06:32.540826+00:00', NULL) ON CONFLICT (reference, type, user_email) DO NOTHING;
INSERT INTO public.credit_ledger (id, user_email, type, credits_delta, usd_delta, reference, created_at, payout_batch_id) VALUES ('67260328-f0c0-48d9-b116-a77054826aa3', '435b37fd-9d4d-43db-aba3-ae55427c1e41', 'ARTIST_EARNING', 0, 0.1, 'stream_96eebac0-c60b-417e-9ea1-3b284e6757b2_3f3b2017-dc06-4bec-b965-2aca4fa519b0', '2026-03-03T00:06:32.540826+00:00', NULL) ON CONFLICT (reference, type, user_email) DO NOTHING;
INSERT INTO public.credit_ledger (id, user_email, type, credits_delta, usd_delta, reference, created_at, payout_batch_id) VALUES ('0fba8c0e-c3f4-4500-aec7-f5b74d2cd4f1', 'demo-fan@test.com', 'STREAM_DEBIT', -1, -0.2, 'stream_96eebac0-c60b-417e-9ea1-3b284e6757b2_3f3b2017-dc06-4bec-b965-2aca4fa519b0', '2026-03-03T00:06:32.540826+00:00', NULL) ON CONFLICT (reference, type, user_email) DO NOTHING;
INSERT INTO public.credit_ledger (id, user_email, type, credits_delta, usd_delta, reference, created_at, payout_batch_id) VALUES ('6d03969c-802e-4215-94da-0f4593055131', 'support@musicexclusive.co', 'PLATFORM_EARNING', 0, 0.1, 'stream_96eebac0-c60b-417e-9ea1-3b284e6757b2_4152a570-cbc4-42ba-8ea7-1228ecea5fe9', '2026-03-03T00:09:42.438631+00:00', NULL) ON CONFLICT (reference, type, user_email) DO NOTHING;
INSERT INTO public.credit_ledger (id, user_email, type, credits_delta, usd_delta, reference, created_at, payout_batch_id) VALUES ('aacfa29d-7c1d-47a7-93d5-03741d82bcfe', '435b37fd-9d4d-43db-aba3-ae55427c1e41', 'ARTIST_EARNING', 0, 0.1, 'stream_96eebac0-c60b-417e-9ea1-3b284e6757b2_4152a570-cbc4-42ba-8ea7-1228ecea5fe9', '2026-03-03T00:09:42.438631+00:00', NULL) ON CONFLICT (reference, type, user_email) DO NOTHING;
INSERT INTO public.credit_ledger (id, user_email, type, credits_delta, usd_delta, reference, created_at, payout_batch_id) VALUES ('1b75f0e1-7e44-4426-8f72-296f51accdd2', 'demo-fan@test.com', 'STREAM_DEBIT', -1, -0.2, 'stream_96eebac0-c60b-417e-9ea1-3b284e6757b2_4152a570-cbc4-42ba-8ea7-1228ecea5fe9', '2026-03-03T00:09:42.438631+00:00', NULL) ON CONFLICT (reference, type, user_email) DO NOTHING;
INSERT INTO public.credit_ledger (id, user_email, type, credits_delta, usd_delta, reference, created_at, payout_batch_id) VALUES ('109fa08b-464d-4da7-bd7f-562abb73839a', 'support@musicexclusive.co', 'PLATFORM_EARNING', 0, 0.1, 'stream_96eebac0-c60b-417e-9ea1-3b284e6757b2_a99e10fc-e0d8-42cc-b72b-fd154e5a3731', '2026-03-03T00:12:12.709916+00:00', NULL) ON CONFLICT (reference, type, user_email) DO NOTHING;
INSERT INTO public.credit_ledger (id, user_email, type, credits_delta, usd_delta, reference, created_at, payout_batch_id) VALUES ('f3d0cc12-ca20-478f-be74-c9e8de31e65c', '435b37fd-9d4d-43db-aba3-ae55427c1e41', 'ARTIST_EARNING', 0, 0.1, 'stream_96eebac0-c60b-417e-9ea1-3b284e6757b2_a99e10fc-e0d8-42cc-b72b-fd154e5a3731', '2026-03-03T00:12:12.709916+00:00', NULL) ON CONFLICT (reference, type, user_email) DO NOTHING;
INSERT INTO public.credit_ledger (id, user_email, type, credits_delta, usd_delta, reference, created_at, payout_batch_id) VALUES ('880a18b1-b983-4c9a-8f53-91ee875091a0', 'demo-fan@test.com', 'STREAM_DEBIT', -1, -0.2, 'stream_96eebac0-c60b-417e-9ea1-3b284e6757b2_a99e10fc-e0d8-42cc-b72b-fd154e5a3731', '2026-03-03T00:12:12.709916+00:00', NULL) ON CONFLICT (reference, type, user_email) DO NOTHING;
INSERT INTO public.credit_ledger (id, user_email, type, credits_delta, usd_delta, reference, created_at, payout_batch_id) VALUES ('df50bb4b-a46d-4226-91f2-a41e63c83fe2', 'support@musicexclusive.co', 'PLATFORM_EARNING', 0, 0.1, 'stream_96eebac0-c60b-417e-9ea1-3b284e6757b2_43b8b188-84d6-4955-bf11-5811a245af58', '2026-03-03T00:12:24.214022+00:00', NULL) ON CONFLICT (reference, type, user_email) DO NOTHING;
INSERT INTO public.credit_ledger (id, user_email, type, credits_delta, usd_delta, reference, created_at, payout_batch_id) VALUES ('dcf95058-7db5-41f2-b149-017b7d3d06b3', '435b37fd-9d4d-43db-aba3-ae55427c1e41', 'ARTIST_EARNING', 0, 0.1, 'stream_96eebac0-c60b-417e-9ea1-3b284e6757b2_43b8b188-84d6-4955-bf11-5811a245af58', '2026-03-03T00:12:24.214022+00:00', NULL) ON CONFLICT (reference, type, user_email) DO NOTHING;
INSERT INTO public.credit_ledger (id, user_email, type, credits_delta, usd_delta, reference, created_at, payout_batch_id) VALUES ('14b5b72d-819b-43a6-8ef1-24bc0de6f1e4', 'demo-fan@test.com', 'STREAM_DEBIT', -1, -0.2, 'stream_96eebac0-c60b-417e-9ea1-3b284e6757b2_43b8b188-84d6-4955-bf11-5811a245af58', '2026-03-03T00:12:24.214022+00:00', NULL) ON CONFLICT (reference, type, user_email) DO NOTHING;
INSERT INTO public.credit_ledger (id, user_email, type, credits_delta, usd_delta, reference, created_at, payout_batch_id) VALUES ('c0e557a6-7ef3-4a2f-b9df-beb8cc5d60bd', 'support@musicexclusive.co', 'PLATFORM_EARNING', 0, 0.1, 'stream_96eebac0-c60b-417e-9ea1-3b284e6757b2_caf537ed-1eb3-4eb4-96ba-639ecf796225', '2026-03-03T00:12:24.272385+00:00', NULL) ON CONFLICT (reference, type, user_email) DO NOTHING;
INSERT INTO public.credit_ledger (id, user_email, type, credits_delta, usd_delta, reference, created_at, payout_batch_id) VALUES ('3ac25b83-41a8-4881-8d63-6e355d88a5f9', '435b37fd-9d4d-43db-aba3-ae55427c1e41', 'ARTIST_EARNING', 0, 0.1, 'stream_96eebac0-c60b-417e-9ea1-3b284e6757b2_caf537ed-1eb3-4eb4-96ba-639ecf796225', '2026-03-03T00:12:24.272385+00:00', NULL) ON CONFLICT (reference, type, user_email) DO NOTHING;
INSERT INTO public.credit_ledger (id, user_email, type, credits_delta, usd_delta, reference, created_at, payout_batch_id) VALUES ('1e0f1952-f619-4133-8510-405b850e0fab', 'demo-fan@test.com', 'STREAM_DEBIT', -1, -0.2, 'stream_96eebac0-c60b-417e-9ea1-3b284e6757b2_caf537ed-1eb3-4eb4-96ba-639ecf796225', '2026-03-03T00:12:24.272385+00:00', NULL) ON CONFLICT (reference, type, user_email) DO NOTHING;
INSERT INTO public.credit_ledger (id, user_email, type, credits_delta, usd_delta, reference, created_at, payout_batch_id) VALUES ('e8854d13-3f39-481b-930f-b43e631265df', 'support@musicexclusive.co', 'PLATFORM_EARNING', 0, 0.1, 'stream_96eebac0-c60b-417e-9ea1-3b284e6757b2_453f26be-a0f3-43d7-9241-a803a9ca6b51', '2026-03-03T00:13:58.865722+00:00', NULL) ON CONFLICT (reference, type, user_email) DO NOTHING;
INSERT INTO public.credit_ledger (id, user_email, type, credits_delta, usd_delta, reference, created_at, payout_batch_id) VALUES ('af444afd-e975-43f5-ab68-f39283ab548e', '435b37fd-9d4d-43db-aba3-ae55427c1e41', 'ARTIST_EARNING', 0, 0.1, 'stream_96eebac0-c60b-417e-9ea1-3b284e6757b2_453f26be-a0f3-43d7-9241-a803a9ca6b51', '2026-03-03T00:13:58.865722+00:00', NULL) ON CONFLICT (reference, type, user_email) DO NOTHING;
INSERT INTO public.credit_ledger (id, user_email, type, credits_delta, usd_delta, reference, created_at, payout_batch_id) VALUES ('b8045952-336d-4e92-8a05-4ad18c8a4eb5', 'demo-fan@test.com', 'STREAM_DEBIT', -1, -0.2, 'stream_96eebac0-c60b-417e-9ea1-3b284e6757b2_453f26be-a0f3-43d7-9241-a803a9ca6b51', '2026-03-03T00:13:58.865722+00:00', NULL) ON CONFLICT (reference, type, user_email) DO NOTHING;
INSERT INTO public.credit_ledger (id, user_email, type, credits_delta, usd_delta, reference, created_at, payout_batch_id) VALUES ('417a1fa3-f236-46af-8b3c-efacda1b08cf', 'support@musicexclusive.co', 'PLATFORM_EARNING', 0, 0.1, 'stream_96eebac0-c60b-417e-9ea1-3b284e6757b2_a8ca1327-e30d-436b-b1f4-2d91d037fe9e', '2026-03-03T00:19:15.601395+00:00', NULL) ON CONFLICT (reference, type, user_email) DO NOTHING;
INSERT INTO public.credit_ledger (id, user_email, type, credits_delta, usd_delta, reference, created_at, payout_batch_id) VALUES ('90992a0f-9c14-4f3c-8d58-4b3debe19a76', '435b37fd-9d4d-43db-aba3-ae55427c1e41', 'ARTIST_EARNING', 0, 0.1, 'stream_96eebac0-c60b-417e-9ea1-3b284e6757b2_a8ca1327-e30d-436b-b1f4-2d91d037fe9e', '2026-03-03T00:19:15.601395+00:00', NULL) ON CONFLICT (reference, type, user_email) DO NOTHING;
INSERT INTO public.credit_ledger (id, user_email, type, credits_delta, usd_delta, reference, created_at, payout_batch_id) VALUES ('ae9472ce-eefc-414c-9191-33e0455e4538', 'demo-fan@test.com', 'STREAM_DEBIT', -1, -0.2, 'stream_96eebac0-c60b-417e-9ea1-3b284e6757b2_a8ca1327-e30d-436b-b1f4-2d91d037fe9e', '2026-03-03T00:19:15.601395+00:00', NULL) ON CONFLICT (reference, type, user_email) DO NOTHING;
INSERT INTO public.credit_ledger (id, user_email, type, credits_delta, usd_delta, reference, created_at, payout_batch_id) VALUES ('6e1aa38d-fd33-45b2-b940-dc404034576e', 'support@musicexclusive.co', 'PLATFORM_EARNING', 0, 0.1, 'stream_96eebac0-c60b-417e-9ea1-3b284e6757b2_2cbab19a-1fec-4b79-9b00-5ca811b64dde', '2026-03-03T00:23:34.419042+00:00', NULL) ON CONFLICT (reference, type, user_email) DO NOTHING;
INSERT INTO public.credit_ledger (id, user_email, type, credits_delta, usd_delta, reference, created_at, payout_batch_id) VALUES ('e064159f-aaa3-4b70-8a1b-ff5f2a19edb7', '435b37fd-9d4d-43db-aba3-ae55427c1e41', 'ARTIST_EARNING', 0, 0.1, 'stream_96eebac0-c60b-417e-9ea1-3b284e6757b2_2cbab19a-1fec-4b79-9b00-5ca811b64dde', '2026-03-03T00:23:34.419042+00:00', NULL) ON CONFLICT (reference, type, user_email) DO NOTHING;
INSERT INTO public.credit_ledger (id, user_email, type, credits_delta, usd_delta, reference, created_at, payout_batch_id) VALUES ('d223a824-f70c-4ddc-9486-4e04a76c1800', 'demo-fan@test.com', 'STREAM_DEBIT', -1, -0.2, 'stream_96eebac0-c60b-417e-9ea1-3b284e6757b2_2cbab19a-1fec-4b79-9b00-5ca811b64dde', '2026-03-03T00:23:34.419042+00:00', NULL) ON CONFLICT (reference, type, user_email) DO NOTHING;
INSERT INTO public.credit_ledger (id, user_email, type, credits_delta, usd_delta, reference, created_at, payout_batch_id) VALUES ('1976b4fd-9098-405c-8d39-ecb14e1cab48', 'support@musicexclusive.co', 'PLATFORM_EARNING', 0, 0.1, 'stream_96eebac0-c60b-417e-9ea1-3b284e6757b2_911a3040-7ff4-4f28-be1c-a5e867af7e1a', '2026-03-03T00:32:30.359811+00:00', NULL) ON CONFLICT (reference, type, user_email) DO NOTHING;
INSERT INTO public.credit_ledger (id, user_email, type, credits_delta, usd_delta, reference, created_at, payout_batch_id) VALUES ('aec1b44e-8766-4bb2-a44b-b77590c3dff5', '435b37fd-9d4d-43db-aba3-ae55427c1e41', 'ARTIST_EARNING', 0, 0.1, 'stream_96eebac0-c60b-417e-9ea1-3b284e6757b2_911a3040-7ff4-4f28-be1c-a5e867af7e1a', '2026-03-03T00:32:30.359811+00:00', NULL) ON CONFLICT (reference, type, user_email) DO NOTHING;
INSERT INTO public.credit_ledger (id, user_email, type, credits_delta, usd_delta, reference, created_at, payout_batch_id) VALUES ('2eb8fef1-6b9e-44f6-8e81-85d84ac5b376', 'demo-fan@test.com', 'STREAM_DEBIT', -1, -0.2, 'stream_96eebac0-c60b-417e-9ea1-3b284e6757b2_911a3040-7ff4-4f28-be1c-a5e867af7e1a', '2026-03-03T00:32:30.359811+00:00', NULL) ON CONFLICT (reference, type, user_email) DO NOTHING;
INSERT INTO public.credit_ledger (id, user_email, type, credits_delta, usd_delta, reference, created_at, payout_batch_id) VALUES ('18dd4552-6359-4479-8bd5-3b42f71e617d', 'support@musicexclusive.co', 'PLATFORM_EARNING', 0, 0.1, 'stream_96eebac0-c60b-417e-9ea1-3b284e6757b2_5069e5c9-e4c7-40fb-ad65-934d3c97f6f1', '2026-03-03T00:35:20.822585+00:00', NULL) ON CONFLICT (reference, type, user_email) DO NOTHING;
INSERT INTO public.credit_ledger (id, user_email, type, credits_delta, usd_delta, reference, created_at, payout_batch_id) VALUES ('d52de888-85ce-4aa5-922e-9ea8ad5038ca', '435b37fd-9d4d-43db-aba3-ae55427c1e41', 'ARTIST_EARNING', 0, 0.1, 'stream_96eebac0-c60b-417e-9ea1-3b284e6757b2_5069e5c9-e4c7-40fb-ad65-934d3c97f6f1', '2026-03-03T00:35:20.822585+00:00', NULL) ON CONFLICT (reference, type, user_email) DO NOTHING;
INSERT INTO public.credit_ledger (id, user_email, type, credits_delta, usd_delta, reference, created_at, payout_batch_id) VALUES ('b92b7844-661b-46bf-b2bb-ee27330b635c', 'demo-fan@test.com', 'STREAM_DEBIT', -1, -0.2, 'stream_96eebac0-c60b-417e-9ea1-3b284e6757b2_5069e5c9-e4c7-40fb-ad65-934d3c97f6f1', '2026-03-03T00:35:20.822585+00:00', NULL) ON CONFLICT (reference, type, user_email) DO NOTHING;
INSERT INTO public.credit_ledger (id, user_email, type, credits_delta, usd_delta, reference, created_at, payout_batch_id) VALUES ('cc13679d-d8b0-400d-9792-5aa12f1b6a65', 'support@musicexclusive.co', 'PLATFORM_EARNING', 0, 0.1, 'stream_0ab1e12f-a27b-4bd1-8a65-d9c5a163d521_c2d9070a-60f6-4bac-bb84-439a5c6cf71f', '2026-03-03T00:37:40.680547+00:00', NULL) ON CONFLICT (reference, type, user_email) DO NOTHING;
INSERT INTO public.credit_ledger (id, user_email, type, credits_delta, usd_delta, reference, created_at, payout_batch_id) VALUES ('fb852a14-81a3-46da-940b-f2df37ea8e3e', '435b37fd-9d4d-43db-aba3-ae55427c1e41', 'ARTIST_EARNING', 0, 0.1, 'stream_0ab1e12f-a27b-4bd1-8a65-d9c5a163d521_c2d9070a-60f6-4bac-bb84-439a5c6cf71f', '2026-03-03T00:37:40.680547+00:00', NULL) ON CONFLICT (reference, type, user_email) DO NOTHING;
INSERT INTO public.credit_ledger (id, user_email, type, credits_delta, usd_delta, reference, created_at, payout_batch_id) VALUES ('7ccd6e81-d641-41e6-8018-c03eae26244b', 'demo-fan@test.com', 'STREAM_DEBIT', -1, -0.2, 'stream_0ab1e12f-a27b-4bd1-8a65-d9c5a163d521_c2d9070a-60f6-4bac-bb84-439a5c6cf71f', '2026-03-03T00:37:40.680547+00:00', NULL) ON CONFLICT (reference, type, user_email) DO NOTHING;
INSERT INTO public.credit_ledger (id, user_email, type, credits_delta, usd_delta, reference, created_at, payout_batch_id) VALUES ('d7b6e350-93cb-45e4-8341-bde5b426bd09', 'support@musicexclusive.co', 'PLATFORM_EARNING', 0, 0.1, 'stream_96eebac0-c60b-417e-9ea1-3b284e6757b2_99cfd714-0d5e-4294-a8c3-77b28efc0453', '2026-03-03T00:39:29.59691+00:00', NULL) ON CONFLICT (reference, type, user_email) DO NOTHING;
INSERT INTO public.credit_ledger (id, user_email, type, credits_delta, usd_delta, reference, created_at, payout_batch_id) VALUES ('4657dc7b-f192-43f1-9c88-bb927a8a13a8', '435b37fd-9d4d-43db-aba3-ae55427c1e41', 'ARTIST_EARNING', 0, 0.1, 'stream_96eebac0-c60b-417e-9ea1-3b284e6757b2_99cfd714-0d5e-4294-a8c3-77b28efc0453', '2026-03-03T00:39:29.59691+00:00', NULL) ON CONFLICT (reference, type, user_email) DO NOTHING;
INSERT INTO public.credit_ledger (id, user_email, type, credits_delta, usd_delta, reference, created_at, payout_batch_id) VALUES ('270623c2-d63c-4bbf-a6ff-14a0955f21cb', 'demo-fan@test.com', 'STREAM_DEBIT', -1, -0.2, 'stream_96eebac0-c60b-417e-9ea1-3b284e6757b2_99cfd714-0d5e-4294-a8c3-77b28efc0453', '2026-03-03T00:39:29.59691+00:00', NULL) ON CONFLICT (reference, type, user_email) DO NOTHING;
INSERT INTO public.credit_ledger (id, user_email, type, credits_delta, usd_delta, reference, created_at, payout_batch_id) VALUES ('c1dc1065-c4c1-46d5-91e6-7e82bbcef5c6', 'support@musicexclusive.co', 'PLATFORM_EARNING', 0, 0.1, 'stream_96eebac0-c60b-417e-9ea1-3b284e6757b2_de5096f1-9b3d-4a1f-9136-747d8fb399f0', '2026-03-03T00:41:06.050497+00:00', NULL) ON CONFLICT (reference, type, user_email) DO NOTHING;
INSERT INTO public.credit_ledger (id, user_email, type, credits_delta, usd_delta, reference, created_at, payout_batch_id) VALUES ('85074a67-b7e4-4e56-a072-637c96134351', '435b37fd-9d4d-43db-aba3-ae55427c1e41', 'ARTIST_EARNING', 0, 0.1, 'stream_96eebac0-c60b-417e-9ea1-3b284e6757b2_de5096f1-9b3d-4a1f-9136-747d8fb399f0', '2026-03-03T00:41:06.050497+00:00', NULL) ON CONFLICT (reference, type, user_email) DO NOTHING;
INSERT INTO public.credit_ledger (id, user_email, type, credits_delta, usd_delta, reference, created_at, payout_batch_id) VALUES ('6a46df6a-1803-4e49-99d8-1b3efd287cb3', 'demo-fan@test.com', 'STREAM_DEBIT', -1, -0.2, 'stream_96eebac0-c60b-417e-9ea1-3b284e6757b2_de5096f1-9b3d-4a1f-9136-747d8fb399f0', '2026-03-03T00:41:06.050497+00:00', NULL) ON CONFLICT (reference, type, user_email) DO NOTHING;
INSERT INTO public.credit_ledger (id, user_email, type, credits_delta, usd_delta, reference, created_at, payout_batch_id) VALUES ('2d2eb888-6a20-4512-8848-e34c3dfdbb2e', 'support@musicexclusive.co', 'PLATFORM_EARNING', 0, 0.1, 'stream_96eebac0-c60b-417e-9ea1-3b284e6757b2_3aedbfd3-f13c-4e42-9d1a-7f6fb506ffdc', '2026-03-03T00:43:40.337616+00:00', NULL) ON CONFLICT (reference, type, user_email) DO NOTHING;
INSERT INTO public.credit_ledger (id, user_email, type, credits_delta, usd_delta, reference, created_at, payout_batch_id) VALUES ('b629d379-32d9-4412-9d28-674fb8f98cb1', '435b37fd-9d4d-43db-aba3-ae55427c1e41', 'ARTIST_EARNING', 0, 0.1, 'stream_96eebac0-c60b-417e-9ea1-3b284e6757b2_3aedbfd3-f13c-4e42-9d1a-7f6fb506ffdc', '2026-03-03T00:43:40.337616+00:00', NULL) ON CONFLICT (reference, type, user_email) DO NOTHING;
INSERT INTO public.credit_ledger (id, user_email, type, credits_delta, usd_delta, reference, created_at, payout_batch_id) VALUES ('24aeaed2-f29e-4337-93b7-be7ba4fb739e', 'demo-fan@test.com', 'STREAM_DEBIT', -1, -0.2, 'stream_96eebac0-c60b-417e-9ea1-3b284e6757b2_3aedbfd3-f13c-4e42-9d1a-7f6fb506ffdc', '2026-03-03T00:43:40.337616+00:00', NULL) ON CONFLICT (reference, type, user_email) DO NOTHING;
INSERT INTO public.credit_ledger (id, user_email, type, credits_delta, usd_delta, reference, created_at, payout_batch_id) VALUES ('b880a5e2-4995-4af0-9518-2c2bec1d17b7', 'support@musicexclusive.co', 'PLATFORM_EARNING', 0, 0.1, 'stream_96eebac0-c60b-417e-9ea1-3b284e6757b2_30539295-b98b-4bff-a653-6441058388c8', '2026-03-03T00:54:47.962984+00:00', NULL) ON CONFLICT (reference, type, user_email) DO NOTHING;
INSERT INTO public.credit_ledger (id, user_email, type, credits_delta, usd_delta, reference, created_at, payout_batch_id) VALUES ('87d2535e-765b-4db7-86b8-864f2b7b0c23', '435b37fd-9d4d-43db-aba3-ae55427c1e41', 'ARTIST_EARNING', 0, 0.1, 'stream_96eebac0-c60b-417e-9ea1-3b284e6757b2_30539295-b98b-4bff-a653-6441058388c8', '2026-03-03T00:54:47.962984+00:00', NULL) ON CONFLICT (reference, type, user_email) DO NOTHING;
INSERT INTO public.credit_ledger (id, user_email, type, credits_delta, usd_delta, reference, created_at, payout_batch_id) VALUES ('df6fd2e5-1fd2-4030-af71-a6d7a87621dc', 'demo-fan@test.com', 'STREAM_DEBIT', -1, -0.2, 'stream_96eebac0-c60b-417e-9ea1-3b284e6757b2_30539295-b98b-4bff-a653-6441058388c8', '2026-03-03T00:54:47.962984+00:00', NULL) ON CONFLICT (reference, type, user_email) DO NOTHING;
INSERT INTO public.credit_ledger (id, user_email, type, credits_delta, usd_delta, reference, created_at, payout_batch_id) VALUES ('3802eb8b-c755-4777-8da6-05fc83ce1a52', 'support@musicexclusive.co', 'PLATFORM_EARNING', 0, 0.1, 'stream_c4b41072-86d6-4093-8c45-496724294c63_45658975-2cdd-405f-a8a6-22d5f9b79554', '2026-03-03T00:57:29.408411+00:00', NULL) ON CONFLICT (reference, type, user_email) DO NOTHING;
INSERT INTO public.credit_ledger (id, user_email, type, credits_delta, usd_delta, reference, created_at, payout_batch_id) VALUES ('22e3ed0c-6624-44b2-8e97-ee21e7ef9efb', '435b37fd-9d4d-43db-aba3-ae55427c1e41', 'ARTIST_EARNING', 0, 0.1, 'stream_c4b41072-86d6-4093-8c45-496724294c63_45658975-2cdd-405f-a8a6-22d5f9b79554', '2026-03-03T00:57:29.408411+00:00', NULL) ON CONFLICT (reference, type, user_email) DO NOTHING;
INSERT INTO public.credit_ledger (id, user_email, type, credits_delta, usd_delta, reference, created_at, payout_batch_id) VALUES ('f3ce2f10-c400-4001-8c07-f5116d5d24b7', 'demo-fan@test.com', 'STREAM_DEBIT', -1, -0.2, 'stream_c4b41072-86d6-4093-8c45-496724294c63_45658975-2cdd-405f-a8a6-22d5f9b79554', '2026-03-03T00:57:29.408411+00:00', NULL) ON CONFLICT (reference, type, user_email) DO NOTHING;
INSERT INTO public.credit_ledger (id, user_email, type, credits_delta, usd_delta, reference, created_at, payout_batch_id) VALUES ('45d1073d-6db1-458c-8713-87ca398c0ced', 'support@musicexclusive.co', 'PLATFORM_EARNING', 0, 0.1, 'stream_0ab1e12f-a27b-4bd1-8a65-d9c5a163d521_60c3177c-2f64-496f-9a6a-47b9786f8df4', '2026-03-04T23:53:17.074556+00:00', NULL) ON CONFLICT (reference, type, user_email) DO NOTHING;
INSERT INTO public.credit_ledger (id, user_email, type, credits_delta, usd_delta, reference, created_at, payout_batch_id) VALUES ('db9dabd7-94c0-4a49-948e-b016529a3d3e', '435b37fd-9d4d-43db-aba3-ae55427c1e41', 'ARTIST_EARNING', 0, 0.1, 'stream_0ab1e12f-a27b-4bd1-8a65-d9c5a163d521_60c3177c-2f64-496f-9a6a-47b9786f8df4', '2026-03-04T23:53:17.074556+00:00', NULL) ON CONFLICT (reference, type, user_email) DO NOTHING;
INSERT INTO public.credit_ledger (id, user_email, type, credits_delta, usd_delta, reference, created_at, payout_batch_id) VALUES ('35c4be33-1658-49bf-9e42-325f8156b089', 'demo-fan@test.com', 'STREAM_DEBIT', -1, -0.2, 'stream_0ab1e12f-a27b-4bd1-8a65-d9c5a163d521_60c3177c-2f64-496f-9a6a-47b9786f8df4', '2026-03-04T23:53:17.074556+00:00', NULL) ON CONFLICT (reference, type, user_email) DO NOTHING;
INSERT INTO public.credit_ledger (id, user_email, type, credits_delta, usd_delta, reference, created_at, payout_batch_id) VALUES ('5ce9f7b8-65b5-45f7-989b-e7c0f78a51c9', 'support@musicexclusive.co', 'PLATFORM_EARNING', 0, 0.1, 'stream_96eebac0-c60b-417e-9ea1-3b284e6757b2_9f17b6d1-ca19-41b5-8bb1-d1fa031c4c65', '2026-03-05T00:30:54.8512+00:00', NULL) ON CONFLICT (reference, type, user_email) DO NOTHING;
INSERT INTO public.credit_ledger (id, user_email, type, credits_delta, usd_delta, reference, created_at, payout_batch_id) VALUES ('33564581-5225-4de5-a9f8-728d37dff0b0', '435b37fd-9d4d-43db-aba3-ae55427c1e41', 'ARTIST_EARNING', 0, 0.1, 'stream_96eebac0-c60b-417e-9ea1-3b284e6757b2_9f17b6d1-ca19-41b5-8bb1-d1fa031c4c65', '2026-03-05T00:30:54.8512+00:00', NULL) ON CONFLICT (reference, type, user_email) DO NOTHING;
INSERT INTO public.credit_ledger (id, user_email, type, credits_delta, usd_delta, reference, created_at, payout_batch_id) VALUES ('b34ae6f5-4ba6-4714-a2fe-1dec5e34f9ee', 'demo-fan@test.com', 'STREAM_DEBIT', -1, -0.2, 'stream_96eebac0-c60b-417e-9ea1-3b284e6757b2_9f17b6d1-ca19-41b5-8bb1-d1fa031c4c65', '2026-03-05T00:30:54.8512+00:00', NULL) ON CONFLICT (reference, type, user_email) DO NOTHING;
INSERT INTO public.credit_ledger (id, user_email, type, credits_delta, usd_delta, reference, created_at, payout_batch_id) VALUES ('75e19c16-f2b8-4a65-ae08-02ab6b77a165', 'support@musicexclusive.co', 'PLATFORM_EARNING', 0, 0.1, 'stream_96eebac0-c60b-417e-9ea1-3b284e6757b2_1cf59f0d-0b93-4373-a438-0e4f0f9fe213', '2026-03-05T02:20:07.919199+00:00', NULL) ON CONFLICT (reference, type, user_email) DO NOTHING;
INSERT INTO public.credit_ledger (id, user_email, type, credits_delta, usd_delta, reference, created_at, payout_batch_id) VALUES ('b0d5a9e5-fd60-4a0b-a7ab-a50afc7e193f', '435b37fd-9d4d-43db-aba3-ae55427c1e41', 'ARTIST_EARNING', 0, 0.1, 'stream_96eebac0-c60b-417e-9ea1-3b284e6757b2_1cf59f0d-0b93-4373-a438-0e4f0f9fe213', '2026-03-05T02:20:07.919199+00:00', NULL) ON CONFLICT (reference, type, user_email) DO NOTHING;
INSERT INTO public.credit_ledger (id, user_email, type, credits_delta, usd_delta, reference, created_at, payout_batch_id) VALUES ('8b495420-dfaa-4d69-a382-2a9864605173', 'demo-fan@test.com', 'STREAM_DEBIT', -1, -0.2, 'stream_96eebac0-c60b-417e-9ea1-3b284e6757b2_1cf59f0d-0b93-4373-a438-0e4f0f9fe213', '2026-03-05T02:20:07.919199+00:00', NULL) ON CONFLICT (reference, type, user_email) DO NOTHING;
INSERT INTO public.credit_ledger (id, user_email, type, credits_delta, usd_delta, reference, created_at, payout_batch_id) VALUES ('8a264e95-c397-448b-9a0b-840866ff8937', 'support@musicexclusive.co', 'PLATFORM_EARNING', 0, 0.1, 'stream_96eebac0-c60b-417e-9ea1-3b284e6757b2_87e5a2a7-cf34-40ae-af14-6c26c1177540', '2026-03-05T02:39:50.3152+00:00', NULL) ON CONFLICT (reference, type, user_email) DO NOTHING;
INSERT INTO public.credit_ledger (id, user_email, type, credits_delta, usd_delta, reference, created_at, payout_batch_id) VALUES ('e2b0c0fd-ebc2-4cf2-b4d4-9f6bfa407eff', '435b37fd-9d4d-43db-aba3-ae55427c1e41', 'ARTIST_EARNING', 0, 0.1, 'stream_96eebac0-c60b-417e-9ea1-3b284e6757b2_87e5a2a7-cf34-40ae-af14-6c26c1177540', '2026-03-05T02:39:50.3152+00:00', NULL) ON CONFLICT (reference, type, user_email) DO NOTHING;
INSERT INTO public.credit_ledger (id, user_email, type, credits_delta, usd_delta, reference, created_at, payout_batch_id) VALUES ('b37cdcaf-0fc8-4c8d-a34a-7c7de921d2c9', 'demo-fan@test.com', 'STREAM_DEBIT', -1, -0.2, 'stream_96eebac0-c60b-417e-9ea1-3b284e6757b2_87e5a2a7-cf34-40ae-af14-6c26c1177540', '2026-03-05T02:39:50.3152+00:00', NULL) ON CONFLICT (reference, type, user_email) DO NOTHING;
INSERT INTO public.credit_ledger (id, user_email, type, credits_delta, usd_delta, reference, created_at, payout_batch_id) VALUES ('fb07e0a6-abba-476c-b36c-db0a4a7b7d8c', 'support@musicexclusive.co', 'PLATFORM_EARNING', 0, 0.1, 'stream_96eebac0-c60b-417e-9ea1-3b284e6757b2_5eb272d2-7dee-40cf-b334-e1219b14b20b', '2026-03-05T23:53:08.513828+00:00', NULL) ON CONFLICT (reference, type, user_email) DO NOTHING;
INSERT INTO public.credit_ledger (id, user_email, type, credits_delta, usd_delta, reference, created_at, payout_batch_id) VALUES ('74466f02-a6f3-4bf0-a260-1e615761d6e0', '435b37fd-9d4d-43db-aba3-ae55427c1e41', 'ARTIST_EARNING', 0, 0.1, 'stream_96eebac0-c60b-417e-9ea1-3b284e6757b2_5eb272d2-7dee-40cf-b334-e1219b14b20b', '2026-03-05T23:53:08.513828+00:00', NULL) ON CONFLICT (reference, type, user_email) DO NOTHING;
INSERT INTO public.credit_ledger (id, user_email, type, credits_delta, usd_delta, reference, created_at, payout_batch_id) VALUES ('5db6c3a7-7944-426e-83f2-a14c6bcd280e', 'demo-fan@test.com', 'STREAM_DEBIT', -1, -0.2, 'stream_96eebac0-c60b-417e-9ea1-3b284e6757b2_5eb272d2-7dee-40cf-b334-e1219b14b20b', '2026-03-05T23:53:08.513828+00:00', NULL) ON CONFLICT (reference, type, user_email) DO NOTHING;
INSERT INTO public.credit_ledger (id, user_email, type, credits_delta, usd_delta, reference, created_at, payout_batch_id) VALUES ('9ab331a8-3f8c-42ac-8d65-379cdc6eb542', 'support@musicexclusive.co', 'PLATFORM_EARNING', 0, 0.1, 'stream_ea1bfbd0-beb3-48a5-940e-a0fbb2f3a142_7d2f5712-50dd-417b-b8f4-680527b0cdb0', '2026-03-06T00:37:26.873897+00:00', NULL) ON CONFLICT (reference, type, user_email) DO NOTHING;
INSERT INTO public.credit_ledger (id, user_email, type, credits_delta, usd_delta, reference, created_at, payout_batch_id) VALUES ('8f52d28d-29a0-4417-83cc-7c7fe23f7557', 'b5ce51ad-acf4-4e2d-a378-083fb2c32be2', 'ARTIST_EARNING', 0, 0.1, 'stream_ea1bfbd0-beb3-48a5-940e-a0fbb2f3a142_7d2f5712-50dd-417b-b8f4-680527b0cdb0', '2026-03-06T00:37:26.873897+00:00', NULL) ON CONFLICT (reference, type, user_email) DO NOTHING;
INSERT INTO public.credit_ledger (id, user_email, type, credits_delta, usd_delta, reference, created_at, payout_batch_id) VALUES ('a6619a3b-344d-4e5a-b490-4388d15972a6', 'demo-fan@test.com', 'STREAM_DEBIT', -1, -0.2, 'stream_ea1bfbd0-beb3-48a5-940e-a0fbb2f3a142_7d2f5712-50dd-417b-b8f4-680527b0cdb0', '2026-03-06T00:37:26.873897+00:00', NULL) ON CONFLICT (reference, type, user_email) DO NOTHING;
INSERT INTO public.credit_ledger (id, user_email, type, credits_delta, usd_delta, reference, created_at, payout_batch_id) VALUES ('760d982f-28f5-4d1d-a4b8-1602fe02b8b7', 'support@musicexclusive.co', 'PLATFORM_EARNING', 0, 0.1, 'stream_ea1bfbd0-beb3-48a5-940e-a0fbb2f3a142_252f1574-d6ed-4a67-99d6-b85f2cef0e8c', '2026-03-06T01:46:05.035161+00:00', NULL) ON CONFLICT (reference, type, user_email) DO NOTHING;
INSERT INTO public.credit_ledger (id, user_email, type, credits_delta, usd_delta, reference, created_at, payout_batch_id) VALUES ('59e80a23-6f1d-402b-a67a-22726122b011', 'b5ce51ad-acf4-4e2d-a378-083fb2c32be2', 'ARTIST_EARNING', 0, 0.1, 'stream_ea1bfbd0-beb3-48a5-940e-a0fbb2f3a142_252f1574-d6ed-4a67-99d6-b85f2cef0e8c', '2026-03-06T01:46:05.035161+00:00', NULL) ON CONFLICT (reference, type, user_email) DO NOTHING;
INSERT INTO public.credit_ledger (id, user_email, type, credits_delta, usd_delta, reference, created_at, payout_batch_id) VALUES ('3a0c6477-3dee-4ee3-81a1-d5617ab0f5fa', 'demo-fan@test.com', 'STREAM_DEBIT', -1, -0.2, 'stream_ea1bfbd0-beb3-48a5-940e-a0fbb2f3a142_252f1574-d6ed-4a67-99d6-b85f2cef0e8c', '2026-03-06T01:46:05.035161+00:00', NULL) ON CONFLICT (reference, type, user_email) DO NOTHING;
INSERT INTO public.credit_ledger (id, user_email, type, credits_delta, usd_delta, reference, created_at, payout_batch_id) VALUES ('ce72126b-ebe7-4b4b-8489-090d2a57004b', 'support@musicexclusive.co', 'PLATFORM_EARNING', 0, 0.1, 'stream_ea1bfbd0-beb3-48a5-940e-a0fbb2f3a142_bd2df922-1231-4c5b-8834-353aa0d61047', '2026-03-06T01:46:15.892472+00:00', NULL) ON CONFLICT (reference, type, user_email) DO NOTHING;
INSERT INTO public.credit_ledger (id, user_email, type, credits_delta, usd_delta, reference, created_at, payout_batch_id) VALUES ('a952e025-df60-43df-8bda-afdf99ccda13', 'b5ce51ad-acf4-4e2d-a378-083fb2c32be2', 'ARTIST_EARNING', 0, 0.1, 'stream_ea1bfbd0-beb3-48a5-940e-a0fbb2f3a142_bd2df922-1231-4c5b-8834-353aa0d61047', '2026-03-06T01:46:15.892472+00:00', NULL) ON CONFLICT (reference, type, user_email) DO NOTHING;
INSERT INTO public.credit_ledger (id, user_email, type, credits_delta, usd_delta, reference, created_at, payout_batch_id) VALUES ('1bf38a03-1322-4f26-96f3-5ccc9f83697d', 'demo-fan@test.com', 'STREAM_DEBIT', -1, -0.2, 'stream_ea1bfbd0-beb3-48a5-940e-a0fbb2f3a142_bd2df922-1231-4c5b-8834-353aa0d61047', '2026-03-06T01:46:15.892472+00:00', NULL) ON CONFLICT (reference, type, user_email) DO NOTHING;
INSERT INTO public.credit_ledger (id, user_email, type, credits_delta, usd_delta, reference, created_at, payout_batch_id) VALUES ('e03f4bdf-3de3-41c2-9f07-81008474ae71', 'support@musicexclusive.co', 'PLATFORM_EARNING', 0, 0.1, 'stream_0ab1e12f-a27b-4bd1-8a65-d9c5a163d521_0e04893d-423f-4e83-9788-302cc42099cd', '2026-03-10T20:26:08.587302+00:00', NULL) ON CONFLICT (reference, type, user_email) DO NOTHING;
INSERT INTO public.credit_ledger (id, user_email, type, credits_delta, usd_delta, reference, created_at, payout_batch_id) VALUES ('500cd551-3b5d-4a09-8bbc-9c5245557f10', '435b37fd-9d4d-43db-aba3-ae55427c1e41', 'ARTIST_EARNING', 0, 0.1, 'stream_0ab1e12f-a27b-4bd1-8a65-d9c5a163d521_0e04893d-423f-4e83-9788-302cc42099cd', '2026-03-10T20:26:08.587302+00:00', NULL) ON CONFLICT (reference, type, user_email) DO NOTHING;
INSERT INTO public.credit_ledger (id, user_email, type, credits_delta, usd_delta, reference, created_at, payout_batch_id) VALUES ('73ddec14-6b7a-4435-a30f-254331e628a5', 'demo-fan@test.com', 'STREAM_DEBIT', -1, -0.2, 'stream_0ab1e12f-a27b-4bd1-8a65-d9c5a163d521_0e04893d-423f-4e83-9788-302cc42099cd', '2026-03-10T20:26:08.587302+00:00', NULL) ON CONFLICT (reference, type, user_email) DO NOTHING;
INSERT INTO public.credit_ledger (id, user_email, type, credits_delta, usd_delta, reference, created_at, payout_batch_id) VALUES ('15b67705-7816-4155-8acd-b9f88c05dfa5', 'support@musicexclusive.co', 'PLATFORM_EARNING', 0, 0.1, 'stream_0ab1e12f-a27b-4bd1-8a65-d9c5a163d521_0b3ff0bd-61f8-4ca3-9aae-eb361cd34bbc', '2026-03-10T20:31:55.216387+00:00', NULL) ON CONFLICT (reference, type, user_email) DO NOTHING;
INSERT INTO public.credit_ledger (id, user_email, type, credits_delta, usd_delta, reference, created_at, payout_batch_id) VALUES ('67b87e21-af83-4e6b-a378-9ad47ed84d0c', '435b37fd-9d4d-43db-aba3-ae55427c1e41', 'ARTIST_EARNING', 0, 0.1, 'stream_0ab1e12f-a27b-4bd1-8a65-d9c5a163d521_0b3ff0bd-61f8-4ca3-9aae-eb361cd34bbc', '2026-03-10T20:31:55.216387+00:00', NULL) ON CONFLICT (reference, type, user_email) DO NOTHING;
INSERT INTO public.credit_ledger (id, user_email, type, credits_delta, usd_delta, reference, created_at, payout_batch_id) VALUES ('95357d7e-2f28-4331-be91-b615ac960f1f', 'demo-fan@test.com', 'STREAM_DEBIT', -1, -0.2, 'stream_0ab1e12f-a27b-4bd1-8a65-d9c5a163d521_0b3ff0bd-61f8-4ca3-9aae-eb361cd34bbc', '2026-03-10T20:31:55.216387+00:00', NULL) ON CONFLICT (reference, type, user_email) DO NOTHING;
INSERT INTO public.credit_ledger (id, user_email, type, credits_delta, usd_delta, reference, created_at, payout_batch_id) VALUES ('8c4d7ee9-ace5-4dd5-9b9b-94e687673594', 'support@musicexclusive.co', 'PLATFORM_EARNING', 0, 0.1, 'stream_c4b41072-86d6-4093-8c45-496724294c63_e21fc5be-2fee-45b5-b46d-8fe37a0862ad', '2026-03-10T20:37:07.857046+00:00', NULL) ON CONFLICT (reference, type, user_email) DO NOTHING;
INSERT INTO public.credit_ledger (id, user_email, type, credits_delta, usd_delta, reference, created_at, payout_batch_id) VALUES ('872233bb-67da-41d4-9784-dd4c0ada47d6', '435b37fd-9d4d-43db-aba3-ae55427c1e41', 'ARTIST_EARNING', 0, 0.1, 'stream_c4b41072-86d6-4093-8c45-496724294c63_e21fc5be-2fee-45b5-b46d-8fe37a0862ad', '2026-03-10T20:37:07.857046+00:00', NULL) ON CONFLICT (reference, type, user_email) DO NOTHING;
INSERT INTO public.credit_ledger (id, user_email, type, credits_delta, usd_delta, reference, created_at, payout_batch_id) VALUES ('5c43f1cb-6c9f-4773-80ad-960a90739350', 'demo-fan@test.com', 'STREAM_DEBIT', -1, -0.2, 'stream_c4b41072-86d6-4093-8c45-496724294c63_e21fc5be-2fee-45b5-b46d-8fe37a0862ad', '2026-03-10T20:37:07.857046+00:00', NULL) ON CONFLICT (reference, type, user_email) DO NOTHING;
INSERT INTO public.credit_ledger (id, user_email, type, credits_delta, usd_delta, reference, created_at, payout_batch_id) VALUES ('bfd85776-53c3-473b-9570-f57158462021', 'support@musicexclusive.co', 'PLATFORM_EARNING', 0, 0.1, 'stream_0ab1e12f-a27b-4bd1-8a65-d9c5a163d521_ec7df5d1-ed2a-4c8d-b00a-56f3854e28ff', '2026-03-10T20:40:19.467206+00:00', NULL) ON CONFLICT (reference, type, user_email) DO NOTHING;
INSERT INTO public.credit_ledger (id, user_email, type, credits_delta, usd_delta, reference, created_at, payout_batch_id) VALUES ('f7388a78-4ce4-4d57-bec7-15947b7398ab', '435b37fd-9d4d-43db-aba3-ae55427c1e41', 'ARTIST_EARNING', 0, 0.1, 'stream_0ab1e12f-a27b-4bd1-8a65-d9c5a163d521_ec7df5d1-ed2a-4c8d-b00a-56f3854e28ff', '2026-03-10T20:40:19.467206+00:00', NULL) ON CONFLICT (reference, type, user_email) DO NOTHING;
INSERT INTO public.credit_ledger (id, user_email, type, credits_delta, usd_delta, reference, created_at, payout_batch_id) VALUES ('6a9d086b-2f6e-4894-9f87-70fa4c9cc6db', 'demo-fan@test.com', 'STREAM_DEBIT', -1, -0.2, 'stream_0ab1e12f-a27b-4bd1-8a65-d9c5a163d521_ec7df5d1-ed2a-4c8d-b00a-56f3854e28ff', '2026-03-10T20:40:19.467206+00:00', NULL) ON CONFLICT (reference, type, user_email) DO NOTHING;
INSERT INTO public.credit_ledger (id, user_email, type, credits_delta, usd_delta, reference, created_at, payout_batch_id) VALUES ('75372728-7cf6-40df-a96b-03913895577d', 'support@musicexclusive.co', 'PLATFORM_EARNING', 0, 0.1, 'stream_96eebac0-c60b-417e-9ea1-3b284e6757b2_519abd28-b41e-4d64-89b8-92793abc64c7', '2026-03-10T22:03:44.799296+00:00', NULL) ON CONFLICT (reference, type, user_email) DO NOTHING;
INSERT INTO public.credit_ledger (id, user_email, type, credits_delta, usd_delta, reference, created_at, payout_batch_id) VALUES ('3ab4a152-1355-465b-ab13-15c6da26b115', '435b37fd-9d4d-43db-aba3-ae55427c1e41', 'ARTIST_EARNING', 0, 0.1, 'stream_96eebac0-c60b-417e-9ea1-3b284e6757b2_519abd28-b41e-4d64-89b8-92793abc64c7', '2026-03-10T22:03:44.799296+00:00', NULL) ON CONFLICT (reference, type, user_email) DO NOTHING;
INSERT INTO public.credit_ledger (id, user_email, type, credits_delta, usd_delta, reference, created_at, payout_batch_id) VALUES ('1cd35012-bea5-4bc7-8d22-1b3c4816b118', 'demo-fan@test.com', 'STREAM_DEBIT', -1, -0.2, 'stream_96eebac0-c60b-417e-9ea1-3b284e6757b2_519abd28-b41e-4d64-89b8-92793abc64c7', '2026-03-10T22:03:44.799296+00:00', NULL) ON CONFLICT (reference, type, user_email) DO NOTHING;
INSERT INTO public.credit_ledger (id, user_email, type, credits_delta, usd_delta, reference, created_at, payout_batch_id) VALUES ('4fc3e91b-8aac-4c5d-97c2-70aac26777c4', 'support@musicexclusive.co', 'PLATFORM_EARNING', 0, 0.1, 'stream_96eebac0-c60b-417e-9ea1-3b284e6757b2_4052fa72-fdf2-446d-a251-d358935159c6', '2026-03-10T22:18:56.496964+00:00', NULL) ON CONFLICT (reference, type, user_email) DO NOTHING;
INSERT INTO public.credit_ledger (id, user_email, type, credits_delta, usd_delta, reference, created_at, payout_batch_id) VALUES ('40b230e5-3f53-40b6-8a5e-ea50edd9f0cc', '435b37fd-9d4d-43db-aba3-ae55427c1e41', 'ARTIST_EARNING', 0, 0.1, 'stream_96eebac0-c60b-417e-9ea1-3b284e6757b2_4052fa72-fdf2-446d-a251-d358935159c6', '2026-03-10T22:18:56.496964+00:00', NULL) ON CONFLICT (reference, type, user_email) DO NOTHING;
INSERT INTO public.credit_ledger (id, user_email, type, credits_delta, usd_delta, reference, created_at, payout_batch_id) VALUES ('810727c1-e3a5-4374-9904-d48d6dc95d9b', 'demo-fan@test.com', 'STREAM_DEBIT', -1, -0.2, 'stream_96eebac0-c60b-417e-9ea1-3b284e6757b2_4052fa72-fdf2-446d-a251-d358935159c6', '2026-03-10T22:18:56.496964+00:00', NULL) ON CONFLICT (reference, type, user_email) DO NOTHING;

-- stripe_events (20 rows)
INSERT INTO public.stripe_events (id, event_type, processed_at, payload) VALUES ('checkout_cs_test_a1k09mH2jQXhcjTtH1Pfbt0Io9uw4vW3X6xmhyI9NxdEbaWGQwF5nlvCkd', 'checkout.session.verified', '2026-02-02T00:27:23.737349+00:00', '{"email":"testlewis@gmail.com","credits":25,"sessionId":"cs_test_a1k09mH2jQXhcjTtH1Pfbt0Io9uw4vW3X6xmhyI9NxdEbaWGQwF5nlvCkd"}'::jsonb) ON CONFLICT DO NOTHING;
INSERT INTO public.stripe_events (id, event_type, processed_at, payload) VALUES ('checkout_cs_test_a1kYdVMdRlRdAcaz8Q08P8Nwd797tA17QXJ9OUnlI71d3ZVAMrLT1l90dE', 'checkout.session.verified', '2026-02-02T00:48:25.239781+00:00', '{"email":"testlewis@gmail.com","credits":25,"sessionId":"cs_test_a1kYdVMdRlRdAcaz8Q08P8Nwd797tA17QXJ9OUnlI71d3ZVAMrLT1l90dE"}'::jsonb) ON CONFLICT DO NOTHING;
INSERT INTO public.stripe_events (id, event_type, processed_at, payload) VALUES ('checkout_cs_test_a16dPuxN0gu6z7DZBGkyP4TAFUYWiCjnlWcOnto28n59yy75JOifhIw3zw', 'checkout.session.verified', '2026-02-02T23:28:46.820675+00:00', '{"email":"tinytunesmusic@gmail.com","credits":25,"sessionId":"cs_test_a16dPuxN0gu6z7DZBGkyP4TAFUYWiCjnlWcOnto28n59yy75JOifhIw3zw"}'::jsonb) ON CONFLICT DO NOTHING;
INSERT INTO public.stripe_events (id, event_type, processed_at, payload) VALUES ('checkout_cs_test_a1Z9iawv2rhQPOuiF6ZV8YZ3qKKwsH3y5nhDwm09jji8KdDqBFZJjzVF4y', 'checkout.session.verified', '2026-02-03T01:08:55.718093+00:00', '{"email":"samaranara1108@gmail.com","credits":25,"sessionId":"cs_test_a1Z9iawv2rhQPOuiF6ZV8YZ3qKKwsH3y5nhDwm09jji8KdDqBFZJjzVF4y"}'::jsonb) ON CONFLICT DO NOTHING;
INSERT INTO public.stripe_events (id, event_type, processed_at, payload) VALUES ('checkout_cs_test_a12RiYK7yngkevbclLMwCj2fFL4Fy80sik3SwERa9PUM7NPnbiHPRlMZZm', 'checkout.session.verified', '2026-02-09T01:48:06.581943+00:00', '{"email":"joylewismusic@gmail.com","credits":50,"sessionId":"cs_test_a12RiYK7yngkevbclLMwCj2fFL4Fy80sik3SwERa9PUM7NPnbiHPRlMZZm"}'::jsonb) ON CONFLICT DO NOTHING;
INSERT INTO public.stripe_events (id, event_type, processed_at, payload) VALUES ('checkout_cs_test_a1VFdqyJn0Cx6DOUpne8onzFU9YfyJ3QgNQf5C9VwWo22XmfVnmZCXw3qt', 'checkout.session.verified', '2026-02-09T02:44:45.670268+00:00', '{"email":"joylewismusic+test007@gmail.com","credits":25,"sessionId":"cs_test_a1VFdqyJn0Cx6DOUpne8onzFU9YfyJ3QgNQf5C9VwWo22XmfVnmZCXw3qt"}'::jsonb) ON CONFLICT DO NOTHING;
INSERT INTO public.stripe_events (id, event_type, processed_at, payload) VALUES ('checkout_cs_test_a1348m43OTAb8sVf8chJpTV0Nxce5odVZz3L3LU2P0VQ28q2ZKHO7x9wu1', 'checkout.session.verified', '2026-02-09T02:50:28.150556+00:00', '{"email":"joylewismusic+vault103@gmail.com","credits":25,"sessionId":"cs_test_a1348m43OTAb8sVf8chJpTV0Nxce5odVZz3L3LU2P0VQ28q2ZKHO7x9wu1"}'::jsonb) ON CONFLICT DO NOTHING;
INSERT INTO public.stripe_events (id, event_type, processed_at, payload) VALUES ('checkout_cs_test_a1rHehkcZVRbCKgz4g97JHxCEt4EgFklFjrkrR1NlEab6nPsR1hZstJiA5', 'checkout.session.verified', '2026-02-09T04:52:44.381237+00:00', '{"email":"yxgproductions@gmail.com","credits":100,"sessionId":"cs_test_a1rHehkcZVRbCKgz4g97JHxCEt4EgFklFjrkrR1NlEab6nPsR1hZstJiA5"}'::jsonb) ON CONFLICT DO NOTHING;
INSERT INTO public.stripe_events (id, event_type, processed_at, payload) VALUES ('checkout_cs_test_a15gkvCb4pVRmUwqH5kVXdybTIcUajVQkA51jzn7oiGSQmKPRVMDBXwwem', 'checkout.session.verified', '2026-02-10T05:13:48.101485+00:00', '{"email":"joylewismusic+vault104@gmail.com","credits":25,"sessionId":"cs_test_a15gkvCb4pVRmUwqH5kVXdybTIcUajVQkA51jzn7oiGSQmKPRVMDBXwwem"}'::jsonb) ON CONFLICT DO NOTHING;
INSERT INTO public.stripe_events (id, event_type, processed_at, payload) VALUES ('checkout_cs_test_a1gDafqAiCDMJugRkg7m4UjvYcp69xVuSKQJN9ap9vti2qMU0uUCShvqFX', 'checkout.session.verified', '2026-02-10T05:20:00.709338+00:00', '{"email":"joylewismusic+vault104@gmail.com","credits":30,"sessionId":"cs_test_a1gDafqAiCDMJugRkg7m4UjvYcp69xVuSKQJN9ap9vti2qMU0uUCShvqFX"}'::jsonb) ON CONFLICT DO NOTHING;
INSERT INTO public.stripe_events (id, event_type, processed_at, payload) VALUES ('checkout_cs_test_a1FwJ6Eqp5wUgiVsnxpY1munC5cbmFJo9bhRN0ulrLvWIQlw67otz6nLvx', 'checkout.session.verified', '2026-02-11T00:09:51.563692+00:00', '{"email":"joylewismusic+artist014@gmail.com","credits":25,"sessionId":"cs_test_a1FwJ6Eqp5wUgiVsnxpY1munC5cbmFJo9bhRN0ulrLvWIQlw67otz6nLvx"}'::jsonb) ON CONFLICT DO NOTHING;
INSERT INTO public.stripe_events (id, event_type, processed_at, payload) VALUES ('checkout_cs_test_a12YgV1uOJIlKBERCSQ1swIlImRjwgBcn3jWS2i1I9rWSJGpqK8rVCwWm3', 'checkout.session.verified', '2026-02-13T21:04:55.894741+00:00', '{"email":"joylewismusic+fan1@gmail.com","credits":25,"sessionId":"cs_test_a12YgV1uOJIlKBERCSQ1swIlImRjwgBcn3jWS2i1I9rWSJGpqK8rVCwWm3"}'::jsonb) ON CONFLICT DO NOTHING;
INSERT INTO public.stripe_events (id, event_type, processed_at, payload) VALUES ('checkout_cs_test_a16h9xbDiYGphG9IIywUZS8lNNfLP1mkMvYHpnEOvh2ppAqjITShUtCxfC', 'checkout.session.verified', '2026-02-13T21:22:15.453853+00:00', '{"email":"joylewismusic+fan1@gmail.com","credits":25,"sessionId":"cs_test_a16h9xbDiYGphG9IIywUZS8lNNfLP1mkMvYHpnEOvh2ppAqjITShUtCxfC"}'::jsonb) ON CONFLICT DO NOTHING;
INSERT INTO public.stripe_events (id, event_type, processed_at, payload) VALUES ('checkout_cs_test_a1gP452AjnKd9NBy8zMwl38FqUG2rdZp6h4u3D9sDsMvoX86P3lIZqBCO8', 'checkout.session.verified', '2026-02-14T00:06:18.933023+00:00', '{"email":"joylewismusic+fan1@gmail.com","credits":25,"sessionId":"cs_test_a1gP452AjnKd9NBy8zMwl38FqUG2rdZp6h4u3D9sDsMvoX86P3lIZqBCO8"}'::jsonb) ON CONFLICT DO NOTHING;
INSERT INTO public.stripe_events (id, event_type, processed_at, payload) VALUES ('checkout_cs_test_a1udJlvWdkGpKx4vako4saUk5qW6utNPHbkKxzpiy6SIwM396HO2A0J0MV', 'checkout.session.verified', '2026-02-14T00:44:46.073826+00:00', '{"email":"joylewismusic+artist007@gmail.com","credits":25,"sessionId":"cs_test_a1udJlvWdkGpKx4vako4saUk5qW6utNPHbkKxzpiy6SIwM396HO2A0J0MV"}'::jsonb) ON CONFLICT DO NOTHING;
INSERT INTO public.stripe_events (id, event_type, processed_at, payload) VALUES ('checkout_cs_test_a18CxrlHnZPiVmZnOLAJPJSsAMVgmHC3tipXgoKWbOFZyIzob08wuO8d4U', 'checkout.session.verified', '2026-02-14T01:27:31.201413+00:00', '{"email":"joylewismusic+artist020@gmail.com","credits":25,"sessionId":"cs_test_a18CxrlHnZPiVmZnOLAJPJSsAMVgmHC3tipXgoKWbOFZyIzob08wuO8d4U"}'::jsonb) ON CONFLICT DO NOTHING;
INSERT INTO public.stripe_events (id, event_type, processed_at, payload) VALUES ('checkout_cs_test_a1W50f0lesPgd8NiJl3wcHAMvrVXcVszWAW4Y2flRjs10czYLguVKbIyNf', 'checkout.session.verified', '2026-02-14T04:55:40.412012+00:00', '{"email":"joylewismusic+fan3@gmail.com","credits":100,"sessionId":"cs_test_a1W50f0lesPgd8NiJl3wcHAMvrVXcVszWAW4Y2flRjs10czYLguVKbIyNf"}'::jsonb) ON CONFLICT DO NOTHING;
INSERT INTO public.stripe_events (id, event_type, processed_at, payload) VALUES ('checkout_cs_test_a1luMbH9999WfvGZavC8Vh6EYNetIoXALlrJcNCvj9HPpHbHqEM1xEGcMK', 'checkout.session.verified', '2026-02-14T06:38:07.161962+00:00', '{"email":"joylewismusic+fan4@gmail.com","credits":25,"sessionId":"cs_test_a1luMbH9999WfvGZavC8Vh6EYNetIoXALlrJcNCvj9HPpHbHqEM1xEGcMK"}'::jsonb) ON CONFLICT DO NOTHING;
INSERT INTO public.stripe_events (id, event_type, processed_at, payload) VALUES ('checkout_cs_test_a15jQDYOao9rNIeViq6HAojZ0VKuh6MMdJJsDuwQ0QedEEaKwlrzraM5FU', 'checkout.session.verified', '2026-02-23T06:36:12.3999+00:00', '{"email":"christador8@gmail.com","credits":25,"sessionId":"cs_test_a15jQDYOao9rNIeViq6HAojZ0VKuh6MMdJJsDuwQ0QedEEaKwlrzraM5FU"}'::jsonb) ON CONFLICT DO NOTHING;
INSERT INTO public.stripe_events (id, event_type, processed_at, payload) VALUES ('checkout_cs_test_a1tvyOLFTNCclW4OOP2ite421xBpzADqvdswPbE7QHVrToitc6pR8JBrn7', 'checkout.session.verified', '2026-02-28T02:33:25.840208+00:00', '{"email":"demo-fan@test.com","credits":25,"sessionId":"cs_test_a1tvyOLFTNCclW4OOP2ite421xBpzADqvdswPbE7QHVrToitc6pR8JBrn7"}'::jsonb) ON CONFLICT DO NOTHING;

-- fan_invites (12 rows)
INSERT INTO public.fan_invites (id, token, inviter_id, inviter_type, invitee_email, created_at, used_at, expires_at, status) VALUES ('3707bd6b-cb8d-4088-a4a3-f3c34c3b1ede', '14a25d5432e078616eb5345196104ce88b2f2cf5e94a2abe4305b58cc7792b23', '5373ff63-82c6-4910-aa69-a1ef7ff5a0cc', 'superfan', NULL, '2026-02-10T22:39:05.88688+00:00', NULL, '2026-03-12T22:39:05.831+00:00', 'used') ON CONFLICT DO NOTHING;
INSERT INTO public.fan_invites (id, token, inviter_id, inviter_type, invitee_email, created_at, used_at, expires_at, status) VALUES ('ed5ea987-ea87-4591-95ec-6f99f22c3f10', '285dd93faf4b9467b965e0df396b51f37da4143449e9b7fad0453f92248569b3', '5373ff63-82c6-4910-aa69-a1ef7ff5a0cc', 'superfan', NULL, '2026-02-10T22:39:06.535083+00:00', NULL, '2026-03-12T22:39:06.496+00:00', 'used') ON CONFLICT DO NOTHING;
INSERT INTO public.fan_invites (id, token, inviter_id, inviter_type, invitee_email, created_at, used_at, expires_at, status) VALUES ('8a342807-1ae2-4c15-9c52-0682ec402de2', 'be7ac0cbace2cf6fd4c117a273dbdb202c496a2157966575ffc0bc4a99df202d', 'cf1efb23-5e25-455c-8f12-7a8258a61391', 'artist', NULL, '2026-02-10T23:19:19.670993+00:00', NULL, NULL, 'unused') ON CONFLICT DO NOTHING;
INSERT INTO public.fan_invites (id, token, inviter_id, inviter_type, invitee_email, created_at, used_at, expires_at, status) VALUES ('3708431c-7e90-4ceb-9e0a-fb673420f4d0', '0331558627dab279af06a47a958e44850936b89962960b4d449960b2da01e977', 'cf1efb23-5e25-455c-8f12-7a8258a61391', 'artist', NULL, '2026-02-11T00:06:03.36741+00:00', NULL, '2026-03-13T00:06:03.291+00:00', 'unused') ON CONFLICT DO NOTHING;
INSERT INTO public.fan_invites (id, token, inviter_id, inviter_type, invitee_email, created_at, used_at, expires_at, status) VALUES ('b4615458-2030-491b-a8e0-2abdd841b00e', '48760ed8706028d2f0579c65608dea6d18e47018d7aa465e30b0318d709e7d34', '5f6cb854-9add-447d-909e-11ec06d9dfaa', 'superfan', NULL, '2026-02-11T00:09:52.412505+00:00', NULL, '2026-03-13T00:09:52.336+00:00', 'unused') ON CONFLICT DO NOTHING;
INSERT INTO public.fan_invites (id, token, inviter_id, inviter_type, invitee_email, created_at, used_at, expires_at, status) VALUES ('ebe224f2-e5d5-40db-a06c-bec61d56b85f', 'AqOz6iCTsT4', 'cf1efb23-5e25-455c-8f12-7a8258a61391', 'artist', 'joylewismusic+fan1@gmail.com', '2026-02-13T19:35:16.800876+00:00', '2026-02-14T00:18:45.22081+00:00', '2026-03-15T19:35:16.522+00:00', 'used') ON CONFLICT DO NOTHING;
INSERT INTO public.fan_invites (id, token, inviter_id, inviter_type, invitee_email, created_at, used_at, expires_at, status) VALUES ('bcfbd89d-9d6b-4718-a3ed-80eb77925dd4', '92d3b02be2e362d564ef6cb0321d8e36c07a90c28f346498c21fc70061a315ea', '354c7f34-ba2b-40a7-8146-fa6f9748bf7a', 'superfan', NULL, '2026-02-14T01:27:32.005227+00:00', NULL, '2026-03-16T01:27:31.935+00:00', 'unused') ON CONFLICT DO NOTHING;
INSERT INTO public.fan_invites (id, token, inviter_id, inviter_type, invitee_email, created_at, used_at, expires_at, status) VALUES ('22d4b37a-8848-4857-83de-a9ce7e1caa2b', '33d697ee265243441628ae67cacc7241b1a8d0afcde7502cd5f5162e2ab9dd7c', '04c6cded-936b-49f3-94fe-d0a05e4803b1', 'superfan', NULL, '2026-02-14T06:38:08.053117+00:00', NULL, '2026-03-16T06:38:07.973+00:00', 'unused') ON CONFLICT DO NOTHING;
INSERT INTO public.fan_invites (id, token, inviter_id, inviter_type, invitee_email, created_at, used_at, expires_at, status) VALUES ('6bd22584-1b29-4d62-a7cd-8b3f30885cc6', 'TuJ468NPGyM', '72473c4c-3ad4-46f7-b25c-3ee2497d4d78', 'artist', NULL, '2026-02-16T01:27:51.419856+00:00', NULL, '2026-03-18T01:27:51.323+00:00', 'unused') ON CONFLICT DO NOTHING;
INSERT INTO public.fan_invites (id, token, inviter_id, inviter_type, invitee_email, created_at, used_at, expires_at, status) VALUES ('f82f93c9-1cbb-4762-b97e-73bec33bd66b', 'expired_test_token_001', 'test_inviter_id', 'artist', NULL, '2026-02-23T06:07:13.212056+00:00', NULL, '2026-02-22T06:07:13.212056+00:00', 'expired') ON CONFLICT DO NOTHING;
INSERT INTO public.fan_invites (id, token, inviter_id, inviter_type, invitee_email, created_at, used_at, expires_at, status) VALUES ('5fe4e455-055d-46b6-91de-6f9dfa905769', 'baa0d25a7546693d72d1d1383b445670a8448d3823f425673408f09d78d26186', '5f6cb854-9add-447d-909e-11ec06d9dfaa', 'superfan', NULL, '2026-02-23T06:28:27.192786+00:00', NULL, '2026-03-25T06:28:27.153+00:00', 'unused') ON CONFLICT DO NOTHING;
INSERT INTO public.fan_invites (id, token, inviter_id, inviter_type, invitee_email, created_at, used_at, expires_at, status) VALUES ('aed57f2b-51fd-49e4-80d3-8e3e87988ff3', 'single_use_test_token_001', '5f6cb854-9add-447d-909e-11ec06d9dfaa', 'superfan', NULL, '2026-02-23T06:30:26.507747+00:00', '2026-02-23T06:41:22.702+00:00', '2026-03-25T06:30:26.507747+00:00', 'used') ON CONFLICT DO NOTHING;

-- agreement_acceptances (1 rows)
INSERT INTO public.agreement_acceptances (id, email, name, terms_version, privacy_version, accepted_at, ip_address, user_agent) VALUES ('f9933e7c-df1e-4ff6-a530-723a77dcb706', 'test-artist+validation@example.com', 'Test Artists', '1.0', '1.0', '2026-03-10T03:27:00.295+00:00', NULL, NULL) ON CONFLICT DO NOTHING;

-- artist_agreement_acceptances (3 rows)
INSERT INTO public.artist_agreement_acceptances (id, artist_id, agreement_version, accepted_at, ip_address, user_agent, legal_name, artist_name, pdf_storage_key, signed_at) VALUES ('f7acf384-2b5c-4804-856a-bbd412aeb3c9', 'ba5df0b2-8bb9-41f2-b1ad-4e2c97868448', 'MVP_v1', '2026-02-26T17:24:56.33537+00:00', NULL, NULL, NULL, NULL, NULL, '2026-03-10T02:47:38.689822+00:00') ON CONFLICT DO NOTHING;
INSERT INTO public.artist_agreement_acceptances (id, artist_id, agreement_version, accepted_at, ip_address, user_agent, legal_name, artist_name, pdf_storage_key, signed_at) VALUES ('316a293e-da12-48d2-8443-915ec0b92867', 'b429eeb1-88c3-48df-a023-f345fee49912', 'MVP_v1', '2026-02-27T16:41:45.012836+00:00', NULL, NULL, NULL, NULL, NULL, '2026-03-10T02:47:38.689822+00:00') ON CONFLICT DO NOTHING;
INSERT INTO public.artist_agreement_acceptances (id, artist_id, agreement_version, accepted_at, ip_address, user_agent, legal_name, artist_name, pdf_storage_key, signed_at) VALUES ('df9e1e90-1717-45e4-97c2-76a9b7a493b9', 'b429eeb1-88c3-48df-a023-f345fee49912', '1.0', '2026-03-10T03:27:00.539332+00:00', '73.45.119.243', 'Mozilla/5.0 (Linux; Android 10; K) AppleWebKit/537.36 (KHTML, like Gecko) Chrome/145.0.0.0 Mobile Safari/537.36', 'Test Artists', 'Test Artist', NULL, '2026-03-10T03:27:00.468+00:00') ON CONFLICT DO NOTHING;

-- No data for fan_terms_acceptances

COMMIT;

-- =============================================
-- Migration complete. Verify row counts:
-- vault_members: 4
-- profiles: 4
-- user_roles: 6
-- artist_profiles: 2
-- artist_applications: 4
-- artist_waitlist: 13
-- fan_waitlist: 1
-- tracks: 13
-- track_likes: 2
-- stream_charges: 51
-- stream_ledger: 51
-- credit_ledger: 148
-- stripe_events: 20
-- fan_invites: 12
-- agreement_acceptances: 1
-- artist_agreement_acceptances: 3
-- fan_terms_acceptances: 0
-- =============================================